time_s,Tw_true,Tw_pred_rollout
0.0,23.0,23.0
60.0,22.99625345238221,22.99967801140608
120.0,22.992472831370065,22.99813702072301
180.0,22.988653232447117,22.996489291620698
240.0,22.98479514812123,22.994814600650326
300.0,22.98089941051874,22.99311832699701
360.0,22.97696686899428,22.99140113736475
420.0,22.972998369541926,22.989663399513258
480.0,22.968994753443376,22.98790546193845
540.0,22.96495685715774,22.98612767173569
600.0,22.96088551229493,22.984330375707465
660.0,22.95678154559709,22.982513920388314
720.0,22.952645778923102,22.98067865200026
780.0,22.948479029235543,22.978824916404843
840.0,22.944282108589924,22.976953059056115
900.0,22.940055824126222,22.975063424954843
960.0,22.935800978062403,22.973156358603912
1020.0,22.93151836768985,22.971232203964863
1080.0,22.927208785370716,22.969291304415595
1140.0,22.922873018536823,22.967334002709134
1200.0,22.918511849690347,22.965360640933483
1260.0,22.91412605640584,22.963371560472527
1320.0,22.909716411333783,22.961367101967927
1380.0,22.90528368220541,22.959347605282026
1440.0,22.90082863183879,22.957313409461722
1500.0,22.896352018146075,22.955264852703266
1560.0,22.89185459414184,22.953202272318006
1620.0,22.887337107952455,22.951126004699024
1680.0,22.88280030282641,22.949036385288647
1740.0,22.87824491714552,22.946933748546822
1800.0,22.87367168443698,22.94481842792035
1860.0,22.869081333386244,22.942690755812915
1920.0,22.864474587850538,22.940551063555958
1980.0,22.85985216687312,22.9383996813803
2040.0,22.855214784698177,22.93623693838857
2100.0,22.85056315078625,22.934063162528382
2160.0,22.845897969830272,22.931878680566243
2220.0,22.841219941772025,22.929683818062205
2280.0,22.83652976181915,22.927478899345225
2340.0,22.831828120462525,22.92526424748921
2400.0,22.82711570349404,22.92304018428977
2460.0,22.82239319202476,22.920807030241633
2520.0,22.81766126250337,22.9185651045167
2580.0,22.812920586734997,22.916314724942776
2640.0,22.80817183190016,22.91405620798292
2700.0,22.80341566057414,22.91178986871541
2760.0,22.79865273074644,22.90951602081433
2820.0,22.793883695840456,22.90723497653075
2880.0,22.789109204733386,22.90494704667448
2940.0,22.78432990177619,22.902652540596424
3000.0,22.77954642681376,22.900351766171482
3060.0,22.774759415205125,22.898045029782
3120.0,22.76996949784383,22.895732636301787
3180.0,22.7651773011783,22.89341488908064
3240.0,22.7603834472323,22.89109208992941
3300.0,22.75558855362543,22.888764539105576
3360.0,22.75079323359364,22.886432535299324
3420.0,22.745998096009732,22.884096375620107
3480.0,22.741203745403915,22.881756355583722
3540.0,22.736410781984244,22.879412769099837
3600.0,22.731619801657114,22.877065908459983
3660.0,22.72683139604767,22.874716064326037
3720.0,22.722046152520168,22.872363525719116
3780.0,22.717264654198253,22.870008580008943
3840.0,22.7124874799852,22.86765151290362
3900.0,22.707715204584023,22.865292608439862
3960.0,22.70294839851753,22.86293214897361
4020.0,22.69818762814823,22.860570415171082
4080.0,22.693433455698163,22.85820768600021
4140.0,22.688686439268597,22.855844238722483
4200.0,22.683947132859583,22.853480348885167
4260.0,22.67921608638942,22.85111629031391
4320.0,22.674493845713897,22.848752335105722
4380.0,22.669780952645468,22.846388753622307
4440.0,22.66507794497223,22.84402581448377
4500.0,22.66038535647673,22.84166378456267
4560.0,22.655703716954665,22.8393029289784
4620.0,22.65103355223331,22.836943511091942
4680.0,22.64637538418988,22.83458579250091
4740.0,22.641729730769622,22.832230033034946
4800.0,22.63709710600378,22.82987649075143
4860.0,22.63247802002732,22.827525421931487
4920.0,22.6278729790965,22.825177081076312
4980.0,22.62328248560624,22.822831720903796
5040.0,22.618707038107235,22.82048959234543
5100.0,22.614147131322937,22.81815094454352
5160.0,22.609603256166277,22.81581602484865
5220.0,22.605075899756173,22.813485078817447
5280.0,22.600565545433867,22.8111583502106
5340.0,22.596072672778973,22.808836080991153
5400.0,22.59159775762536,22.80651851132304
5460.0,22.58714127207678,22.804205879569892
5520.0,22.58270368452228,22.801898422294062
5580.0,22.578285459651344,22.799596374255916
5640.0,22.573887058468884,22.797299968413345
5700.0,22.569508938309887,22.79500943592151
5760.0,22.565151552853905,22.79272500613281
5820.0,22.56081535213925,22.790446906597058
5880.0,22.556500782576997,22.788175363061892
5940.0,22.552208286964635,22.785910599473375
6000.0,22.547938304499624,22.783652837976796
6060.0,22.54369127079254,22.781402298917673
6120.0,22.53946761788006,22.779159200842958
6180.0,22.535267774237656,22.776923760502402
6240.0,22.531092164792025,22.77469619285013
6300.0,22.52694121093326,22.772476711046355
6360.0,22.52281533052674,22.770265526459305
6420.0,22.51871493792477,22.768062848667277
6480.0,22.51464044397792,22.76586888546088
6540.0,22.51059225604609,22.7636838428454
6600.0,22.506570778009333,22.761507925043347
6660.0,22.50257641027832,22.759341334497126
6720.0,22.498609549804566,22.757184271871843
6780.0,22.494670590090365,22.75503693605826
6840.0,22.490759921198396,22.752899524175866
6900.0,22.48687792976104,22.750772231576068
6960.0,22.4830249989894,22.748655251845513
7020.0,22.479201508682,22.746548776809494
7080.0,22.47540783523317,22.744452996535497
7140.0,22.471644351641103,22.742368099336815
7200.0,22.467911427515563,22.740294271776282
7260.0,22.46420942908532,22.738231698670074
7320.0,22.46053871920517,22.736180563091605
7380.0,22.45689965736268,22.7341410463755
7440.0,22.453292599684477,22.732113328121628
7500.0,22.44971789894228,22.73009758619922
7560.0,22.4461759045585,22.72809399675102
7620.0,22.44266696261147,22.7261027341975
7680.0,22.43919141584027,22.724123971241124
7740.0,22.43574960364919,22.72215787887064
7800.0,22.43234186211173,22.72020462636542
7860.0,22.428968523974216,22.7182643812998
7920.0,22.42562991865896,22.716337309547463
7980.0,22.42232637226697,22.714423575285803
8040.0,22.419058207580196,22.712523341000324
8100.0,22.415825744063312,22.710636767489003
8160.0,22.41262929786498,22.708764013866652
8220.0,22.40946918181861,22.706905237569252
8280.0,22.40634570544258,22.70506059435826
8340.0,22.40325917493991,22.703230238324874
8400.0,22.400209893197378,22.701414321894227
8460.0,22.397198159783983,22.699612995829547
8520.0,22.39422427094885,22.697826409236228
8580.0,22.391288519618456,22.696054709565814
8640.0,22.388391195393133,22.69429804261989
8700.0,22.385532584542943,22.692556552553878
8760.0,22.38271297000275,22.69083038188067
8820.0,22.379932631366515,22.689119671474174
8880.0,22.377191844880784,22.68742456057268
8940.0,22.374490883437304,22.685745186782057
9000.0,22.37183001656472,22.684081686078773
9060.0,22.36920951041932,22.68243419281271
9120.0,22.366629627774756,22.680802839709767
9180.0,22.36409062801069,22.679187757874192
9240.0,22.36159276710029,22.67758907679068
9300.0,22.35913629759656,22.67600692432617
9360.0,22.356721468617263,22.674441426731313
9420.0,22.35434852582863,22.672892708641623
9480.0,22.352017711427475,22.67136089307823
9540.0,22.3497292641218,22.669846101448247
9600.0,22.34748341910971,22.668348453544684
9660.0,22.34528040805654,22.666868067545888
9720.0,22.34312045907001,22.665405060014454
9780.0,22.341003796673377,22.66395954589557
9840.0,22.338930641776223,22.662531638514743
9900.0,22.33690121164295,22.66112144957486
9960.0,22.33491571985853,22.659729089152492
10020.0,22.332974376291503,22.6583546656934
10080.0,22.331077387053792,22.65699828600717
10140.0,22.329224954457203,22.65566005526088
10200.0,22.3274172769662,22.654340076971707
10260.0,22.32565454914666,22.653038452998356
10320.0,22.323936961610165,22.651755283531255
10380.0,22.322264700953465,22.650490667081296
10440.0,22.32063794969249,22.649244700467044
10500.0,22.319056886190467,22.64801747880021
10560.0,22.317521684579376,22.646809095469223
10620.0,22.31603251467406,22.645619642120657
10680.0,22.314589541878107,22.644449208638296
10740.0,22.313192927080493,22.64329788311953
10800.0,22.31184282654186,22.64216575184877
10860.0,22.31053939176904,22.641052899267475
10920.0,22.3092827693763,22.639959407940417
10980.0,22.308073100931384,22.638885358517573
11040.0,22.30691052278421,22.63783082969112
11100.0,22.305795165875548,22.63679589814676
11160.0,22.30472715552253,22.63578063850859
11220.0,22.303706611177255,22.634785123276362
11280.0,22.30273364615368,22.633809422754087
11340.0,22.30182193779098,22.632853604968293
11400.0,22.300944438517195,22.63153981723328
11460.0,22.300126310749587,22.63062152365506
11520.0,22.2993445353033,22.629387709068297
11580.0,22.298620450795163,22.628511004414072
11640.0,22.2979347296911,22.627357371130604
11700.0,22.2973050851819,22.626522282939938
11760.0,22.29679863870784,22.62544906499601
11820.0,22.296263132236344,22.624655593874454
11880.0,22.29583809213374,22.62366257230877
11940.0,22.295397079845355,22.622910563479447
12000.0,22.29505385017181,22.621997904569284
12060.0,22.294707566451063,22.62128732042703
12120.0,22.29444646169333,22.620455077716112
12180.0,22.294194972499103,22.61978583149829
12240.0,22.294017013252407,22.619033908730007
12300.0,22.29387990014989,22.618323594234127
12360.0,22.293783625994188,22.61765280066877
12420.0,22.293730019289903,22.617021411608643
12480.0,22.29371536635772,22.616429196859933
12540.0,22.29373987450485,22.615876559378425
12600.0,22.293803749306893,22.615360188435336
12660.0,22.293907194584165,22.61488023905061
12720.0,22.294050413551396,22.61443686438204
12780.0,22.29423360421356,22.613967438009354
12840.0,22.294456969081384,22.613597771223226
12900.0,22.294720703227043,22.6131671169846
12960.0,22.29502500189115,22.612756598201084
13020.0,22.29537005855009,22.612365912059243
13080.0,22.29575606492797,22.611995161167123
13140.0,22.29618321099673,22.61164444485979
13200.0,22.296651684976275,22.61131386160356
13260.0,22.297161673334696,22.611003508982094
13320.0,22.29771336078839,22.610713483698973
13380.0,22.298306930302243,22.610443881580125
13440.0,22.29894256308977,22.61019479757628
13500.0,22.29962043861329,22.609966325765445
13560.0,22.300424882529924,22.60975855935538
13620.0,22.30127630328304,22.609571590686105
13680.0,22.302174862100767,22.60940542085525
13740.0,22.303120718295222,22.609260137738488
13800.0,22.304114029270117,22.609135826986464
13860.0,22.30515495052221,22.60903257346486
13920.0,22.30624363564298,22.608950461232354
13980.0,22.30738023632017,22.608889573543596
14040.0,22.30856490233942,22.60884999285176
14100.0,22.30979778158581,22.608831800811064
14160.0,22.311079020045497,22.60883507827934
14220.0,22.31240876180728,22.608859905320575
14280.0,22.313787149064197,22.608906361207435
14340.0,22.3152143221151,22.608974524423832
14400.0,22.316690419366275,22.609064472667466
14460.0,22.318215577333,22.60917628285235
14520.0,22.319789930641157,22.609310031111367
14580.0,22.32141361202881,22.6094657927988
14640.0,22.32308675234783,22.609643642492866
14700.0,22.324809480565467,22.609843653998254
14760.0,22.326581923765964,22.61006590034865
14820.0,22.32840420715217,22.610310453809262
14880.0,22.330276454047144,22.610577385879346
14940.0,22.332198785895788,22.61086676729472
15000.0,22.33417132226645,22.611178668030277
15060.0,22.336194180852573,22.6115131573025
15120.0,22.33826747747432,22.61187030357196
15180.0,22.34039132608021,22.612250174545807
15240.0,22.342565838748783,22.612652837180278
15300.0,22.344791125690268,22.613078357683175
15360.0,22.34706729524821,22.613526801516343
15420.0,22.349394453901184,22.613998233398146
15480.0,22.35177270626446,22.614492717305936
15540.0,22.354202155091706,22.61501031647851
15600.0,22.356682901276677,22.615551093418567
15660.0,22.359215043854945,22.616115109895148
15720.0,22.361798680005627,22.616702426946073
15780.0,22.3644339050531,22.617313104880374
15840.0,22.36712081246877,22.617947203280714
15900.0,22.36985949387281,22.6186047810058
15960.0,22.372650039035957,22.61928589619279
16020.0,22.375492535881264,22.619990606259673
16080.0,22.37838707048594,22.62071896790768
16140.0,22.38133372708312,22.62147103712364
16200.0,22.38433258806372,22.622246869182348
16260.0,22.38738373397824,22.623046518648934
16320.0,22.390487243538654,22.623870039381195
16380.0,22.393643193620274,22.624717484531946
16440.0,22.396851659263596,22.625588906551336
16500.0,22.400112713676226,22.626484357189167
16560.0,22.40342642823481,22.6274038874972
16620.0,22.40679287248693,22.628347547831446
16680.0,22.41021211415306,22.629315387854458
16740.0,22.413684219128555,22.630307456537594
16800.0,22.417209251485588,22.631323802163276
16860.0,22.42078727347517,22.63236447232725
16920.0,22.424418345529183,22.63342951394082
16980.0,22.42810252626237,22.634518973233057
17040.0,22.43183987247442,22.63563289575304
17100.0,22.435630439152018,22.636771326372045
17160.0,22.439474279470947,22.63793430928573
17220.0,22.44337144479818,22.639121888016316
17280.0,22.447321984694018,22.640334105414755
17340.0,22.451325946914224,22.641571003662882
17400.0,22.4553833774122,22.642832624275552
17460.0,22.45949432034115,22.644119008102773
17520.0,22.46365881805632,22.64543019533181
17580.0,22.467876911117187,22.64676622548929
17640.0,22.472148638289724,22.648127137443307
17700.0,22.476474036548662,22.64951296940547
17760.0,22.480853141079777,22.65092375893299
17820.0,22.4852859852822,22.652359542930707
17880.0,22.48977260077075,22.653820357653146
17940.0,22.494313017378275,22.655306238706522
18000.0,22.49890726315804,22.656817221050765
18060.0,22.50355536438612,22.658353339001508
18120.0,22.508257345563795,22.659914626232062
18180.0,22.513013229420032,22.6615011157754
18240.0,22.517823036913917,22.663112840026102
18300.0,22.522686787237134,22.66474983074229
18360.0,22.52760449781653,22.666412119047575
18420.0,22.532576184316557,22.668099735432946
18480.0,22.537601860641907,22.669812709758695
18540.0,22.54268153894005,22.67155107125629
18600.0,22.547815229603867,22.67331484853024
18660.0,22.553002941274222,22.675104069559968
18720.0,22.558244680842677,22.676918761701653
18780.0,22.563540453454102,22.67875895169006
18840.0,22.56889026250945,22.680624665640348
18900.0,22.574294109668397,22.682515929049885
18960.0,22.579751994852145,22.68443276680003
19020.0,22.585263916246173,22.68637520315792
19080.0,22.59082987030305,22.688343261778215
19140.0,22.596449851745223,22.69033696570486
19200.0,22.6021238535679,22.69235633737281
19260.0,22.60785186704189,22.69440139860976
19320.0,22.613633881716527,22.696472170637833
19380.0,22.61946988542257,22.6985686740753
19440.0,22.62535986427517,22.700690928938236
19500.0,22.63130380267681,22.702838954642196
19560.0,22.637301683320352,22.70501277000386
19620.0,22.643353487192005,22.707212393242685
19680.0,22.649459193574412,22.709437841982506
19740.0,22.65561878004973,22.711689133253174
19800.0,22.66183222250269,22.71396628349213
19860.0,22.66809949512377,22.716269308546003
19920.0,22.67442057041231,22.718598223672178
19980.0,22.680795419179727,22.720953043540348
20040.0,22.68722401055269,22.723333782234064
20100.0,22.693706311976367,22.72574045325226
20160.0,22.70024228921768,22.728173069510778
20220.0,22.706831906368578,22.73063164334386
20280.0,22.71347512584937,22.733116186505647
20340.0,22.720171908412045,22.735626710171665
20400.0,22.726922213143634,22.738163224940273
20460.0,22.73372599746961,22.740725740834126
20520.0,22.74058321715729,22.743314267301617
20580.0,22.7474938263193,22.745928813218292
20640.0,22.75445777741702,22.748569386888278
20700.0,22.761475021264097,22.751235996045676
20760.0,22.768545507029955,22.75392864785595
20820.0,22.77566918224336,22.75664734891731
20880.0,22.782845992795984,22.759392105262066
20940.0,22.79007588294601,22.76216292235799
21000.0,22.79735879532175,22.764959805109658
21060.0,22.804694670925336,22.767782757859763
21120.0,22.812083449136367,22.770631784390446
21180.0,22.819525067715634,22.77350688792459
21240.0,22.82701946280886,22.776408071127126
21300.0,22.83456656895045,22.779335336106293
21360.0,22.842166319067296,22.78228868441493
21420.0,22.849818644482585,22.785268117051714
21480.0,22.857523474919635,22.78827363446242
21540.0,22.865280738505792,22.79130523654115
21600.0,22.8730903617763,22.79436292263155
21660.0,22.8827724939988,22.79744669152804
21720.0,22.894314671580663,22.802309344239937
21780.0,22.90770423379579,22.808951373119164
21840.0,22.9229286185884,22.817367335288363
21900.0,22.93997531580662,22.827552702815197
21960.0,22.95883187439464,22.83950274508934
22020.0,22.979485901378467,22.853212702663022
22080.0,23.00192506208534,22.868677757771326
22140.0,23.02613708021322,22.88589303580715
22200.0,23.05210973794651,22.904853602185742
22260.0,23.07983087609202,22.92555445980876
22320.0,23.10928839423908,22.947990546388752
22380.0,23.140470250943583,22.972156731731115
22440.0,23.173364463936323,22.998047814958394
22500.0,23.207959110355407,23.02565852167667
22560.0,23.244242327002784,23.054983501082713
22620.0,23.282202310624356,23.08601732301124
22680.0,23.321827318213145,23.1187544749224
22740.0,23.363105667334708,23.15318935883027
22800.0,23.4060257364736,23.189316288174087
22860.0,23.45057596539957,23.2271294846348
22920.0,23.496744855551725,23.26662307490065
22980.0,23.54447633808643,23.307791087386533
23040.0,23.593846578988,23.350627448913322
23100.0,23.64484463988295,23.395126029428198
23160.0,23.69745960812515,23.441280496859818
23220.0,23.75155419778281,23.489084405855
23280.0,23.80719665326387,23.538116736602365
23340.0,23.86438803451206,23.589187757681085
23400.0,23.923099712784065,23.641156592563057
23460.0,23.983328912088854,23.695458492027143
23520.0,24.045065241641765,23.751409534635734
23580.0,24.10829793991253,23.80897107402909
23640.0,24.17301628304447,23.868134028698297
23700.0,24.239209611767627,23.92889086811444
23760.0,24.3068673335736,23.991234032540227
23820.0,24.3759789230184,24.055155827837815
23880.0,24.44653392180417,24.12064841561796
23940.0,24.518521938764408,24.18770381060242
24000.0,24.59193264975503,24.25631387885557
24060.0,24.666755797442804,24.326470336406263
24120.0,24.742981190981688,24.39816474825088
24180.0,24.82059870556796,24.471388527769765
24240.0,24.89959828186555,24.546132936592755
24300.0,24.97997003658353,24.622389084948495
24360.0,25.061626623709717,24.700145632511376
24420.0,25.144564386220512,24.77937156938285
24480.0,25.22876434905093,24.860045454521238
24540.0,25.314209334996438,24.942149077227793
24600.0,25.400883396189663,25.02566527147071
24660.0,25.488771495346004,25.110577209802955
24720.0,25.57785931110183,25.196868141197687
24780.0,25.66813310810393,25.284521279248924
24840.0,25.759579643546925,25.37351975215921
24900.0,25.85218609556409,25.463846583237313
24960.0,25.945940005440672,25.55548468868057
25020.0,26.04082922901222,25.64841688604535
25080.0,26.13684189448051,25.74262590962852
25140.0,26.233966364964417,25.838094430338934
25200.0,26.33219120475538,25.93480507836131
25260.0,26.43150514864864,26.032740467339586
25320.0,26.53189707396972,26.13188321908309
25380.0,26.63335597506702,26.232215987998323
25440.0,26.73587094012948,26.333721484607903
25500.0,26.839431130235184,26.436382497654193
25560.0,26.94402576055653,26.540181914406606
25620.0,27.049644083650467,26.645102738901798
25680.0,27.156275374755168,26.751128107945764
25740.0,27.263908919002876,26.858241304795378
25800.0,27.372534000445174,26.96642577051369
25860.0,27.48213989277506,27.07566511305735
25920.0,27.59271585162008,27.185943114205863
25980.0,27.704251108274622,27.29724373448116
26040.0,27.81673486473589,27.40955111623305
26100.0,27.930156289908204,27.522849585082508
26160.0,28.044504516843496,27.637123649922238
26220.0,28.159768640890743,27.752358001673656
26280.0,28.27593771863461,27.868537510993306
26340.0,28.393000767511865,27.985647225111087
26400.0,28.510946766003546,28.103672363969004
26460.0,28.629764654310332,28.222598315813503
26520.0,28.74944333542854,28.342410632377987
26580.0,28.86997167655332,28.46309502377544
26640.0,28.99133851074491,28.58463735320489
26700.0,29.11353263880205,28.70702363156007
26760.0,29.23654283129438,28.83024001201455
26820.0,29.36035783071284,28.954272784644612
26880.0,29.484966353703207,29.079108371139707
26940.0,29.610357093353656,29.204733319640187
27000.0,29.736518721511946,29.331134299733183
27060.0,29.863439891112385,29.458298097629925
27120.0,29.991109238496243,29.586211611541408
27180.0,30.11951538571249,29.714861847263897
27240.0,30.24864694278856,29.84423591398124
27300.0,30.37849250996312,29.974321020287395
27360.0,30.509040679874577,30.105104470429456
27420.0,30.64028003970108,30.23657366076922
27480.0,30.77219917324868,30.36871607645935
27540.0,30.90478666298571,30.501519288328858
27600.0,31.03803109202236,30.63497094997147
27660.0,31.17192104603494,30.769058795029707
27720.0,31.306445115135187,30.903770634666937
27780.0,31.44159189568524,31.039094355219394
27840.0,31.57734999205941,31.17501791601988
27900.0,31.713708018354023,31.311529347384948
27960.0,31.850654600047008,31.448616748757306
28020.0,31.98817837560876,31.586268286995384
28080.0,32.12626799806632,31.724472194802203
28140.0,32.26491213652246,31.8632167692859
28200.0,32.40409947763186,32.00249037064453
28260.0,32.54381872703597,32.14228142096811
28320.0,32.68405861075871,32.2825784031511
28380.0,32.82480787656465,32.42336985990891
28440.0,32.96605529528152,32.56464439289224
28500.0,33.107789662088834,32.70639066189348
28560.0,33.24999979777419,32.848597384139595
28620.0,33.392674549958926,32.99125333366631
28680.0,33.53580279429464,33.13434734076858
28740.0,33.679373435631945,33.27786829152277
28800.0,33.82337540916295,33.42180512737603
28860.0,33.96779768153863,33.56614684479876
28920.0,34.11262925196243,33.71088249499623
28980.0,34.25785915326115,33.856001183675644
29040.0,34.40347645293418,34.00149207086519
29100.0,34.54947025418218,34.14734437078167
29160.0,34.69582969691606,34.29354735174373
29220.0,34.84254395874707,34.44009033612774
29280.0,34.989602255959,34.586962700363415
29340.0,35.13699384446299,34.73415387496678
29400.0,35.28470802073582,34.88165334460779
29460.0,35.43273412274221,35.029450648210464
29520.0,35.58106153084178,35.177535379083146
29580.0,35.72967966868109,35.325897185076926
29640.0,35.87857800407137,35.474525768770185
29700.0,36.027746049852325,35.62341088767737
29760.0,36.17717336474232,35.772542354480265
29820.0,36.32684955417545,35.92191003727998
29880.0,36.47676427112576,36.071503859868145
29940.0,36.62690721691876,36.22131380201568
30000.0,36.77726814203073,36.371329899777756
30060.0,36.92783684687582,36.52154224581349
30120.0,37.07860318258124,36.67194098971909
30180.0,37.22955705175065,36.82251633837316
30240.0,37.38068840921592,36.97325855629297
30300.0,37.53198726277733,37.12415796600045
30360.0,37.68344367393232,37.27520494839699
30420.0,37.83504775859284,37.42638994314569
30480.0,37.9867896877914,37.577703449060344
30540.0,38.13865968837568,37.729136024499915
30600.0,38.29064804369197,37.880678287767765
30660.0,38.44274509425718,38.0323209175146
30720.0,38.59494123841952,38.184054653144315
30780.0,38.74722693300789,38.33587029522187
30840.0,38.89959269396969,38.48775870588248
30900.0,39.05202909699729,38.639710809241144
30960.0,39.20452677814286,38.791717591802055
31020.0,39.35707643442159,38.94377010286687
31080.0,39.50966882440317,39.09585945494135
31140.0,39.66229476879148,39.24797682413959
31200.0,39.81494515099239,39.400113450585295
31260.0,39.96761091766944,39.552260638809315
31320.0,40.12028307928752,39.70440975814302
31380.0,40.27295271064416,39.8565522431068
31440.0,40.42561095138856,40.008679593793154
31500.0,40.57824900652813,40.16078337624394
31560.0,40.7308581469223,40.31285522282106
31620.0,40.88342970976371,40.46488683257023
31680.0,41.0359550990465,40.616869971577366
31740.0,41.18842578602157,40.76879647331697
31800.0,41.3408333096388,40.920658238992196
31860.0,41.49316927697591,41.07244723786617
31920.0,41.64542536365406,41.224155507584044
31980.0,41.79759331423992,41.37577515448547
32040.0,41.94966494263409,41.5272983539071
32100.0,42.10163213244584,41.678717350474756
32160.0,42.25348683735399,41.83002445838485
32220.0,42.40522108145383,41.9812120616748
32280.0,42.55682695959,42.13227261448213
32340.0,42.70829663767515,42.28319864129185
32400.0,42.85962235299441,42.43398273717193
32460.0,43.01079641449544,42.5846175679966
32520.0,43.16181120306409,42.7350958706571
32580.0,43.31265917178549,42.885410453259745
32640.0,43.46333284619057,43.0355541953111
32700.0,43.61382482448787,43.18552004788993
32760.0,43.76412777778066,43.33530103380581
32820.0,43.91423445026919,43.48489024774423
32880.0,44.06413765943822,43.634280856397936
32940.0,44.213830296229474,43.78346609858444
33000.0,44.36330532519938,43.93243928534951
33060.0,44.51255578466164,44.081193800056504
33120.0,44.66157478681501,44.229723098461456
33180.0,44.81035551785591,44.37802070877381
33240.0,44.95889123807619,44.526080231702686
33300.0,45.10717528194576,44.67389534048865
33360.0,45.25520105818028,44.82145978092085
33420.0,45.40296204979393,44.96876737133958
33480.0,45.55045181413706,45.11581200262411
33540.0,45.697663982919096,45.262587638165854
33600.0,45.844592262216416,45.4090883138268
33660.0,45.99123043246548,45.55530813788327
33720.0,46.13757234844111,45.70124129095495
33780.0,46.28361193922008,45.84688202591923
33840.0,46.42934320813004,45.992224667810966
33900.0,46.57476023268385,46.137263613707596
33960.0,46.71985716449949,46.28199333259975
34020.0,46.86462822920544,46.426408365247376
34080.0,47.00906772633192,46.57050332402153
34140.0,47.15317002918785,46.71427289273181
34200.0,47.29692958472371,46.85771182643967
34260.0,47.440340913380574,47.00081495125758
34320.0,47.58339860892517,47.1435771641343
34380.0,47.72609733827141,47.28599343262629
34440.0,47.86843184128824,47.42805879465544
34500.0,48.01039693059425,47.56976835825326
34560.0,48.151987491338886,47.711117301291715
34620.0,48.29319848097076,47.852100871200804
34680.0,48.43402492899296,47.992714384673164
34740.0,48.57446193670567,48.13295322735578
34800.0,48.71450467693626,48.27281285352901
34860.0,48.85414839375702,48.41228878577322
34920.0,48.99338840219073,48.5513766146231
34980.0,49.13222008790428,48.69007199820996
35040.0,49.27063890689052,48.828370661892166
35100.0,49.40864038513858,48.96626839787404
35160.0,49.54622011829288,49.103761064813305
35220.0,49.68337377130094,49.240844587417484
35280.0,49.82009707805041,49.37751495602932
35340.0,49.95638584099532,49.513768226201634
35400.0,50.09223593077198,49.64960051826169
35460.0,50.22764328580463,49.785008016865554
35520.0,50.36260391190114,49.919986970542446
35580.0,50.49711388183896,50.054533691229565
35640.0,50.63116933494162,50.188644553797545
35700.0,50.764766476645946,50.322315995566825
35760.0,50.897901578060335,50.45554451581525
35820.0,51.03057097551424,50.58832667527711
35880.0,51.162771070099225,50.720659095633984
35940.0,51.29449832720171,50.85253845899759
36000.0,51.425749276027794,50.98396150738497
36060.0,51.55652050912036,51.11492504218627
36120.0,51.68680868186868,51.24542592362545
36180.0,51.81661051201085,51.375461070214115
36240.0,51.94592277912925,51.50502745819889
36300.0,52.074742324139336,51.63412212100247
36360.0,52.20306604877205,51.762742148658795
36420.0,52.330890915049984,51.890884687242504
36480.0,52.45821394475771,52.01854693829303
36540.0,52.585032218906456,52.14572615823361
36600.0,52.71134287719339,52.2724196577855
36660.0,52.83714311745579,52.39862480137765
36720.0,52.96243019512035,52.52433900655217
36780.0,53.08720142264787,52.649559743365835
36840.0,53.21145416897365,52.77428453378795
36900.0,53.3351858589437,52.898510951094785
36960.0,53.45839397274719,53.02223661926095
37020.0,53.581076045345256,53.145459212347916
37080.0,53.70322966589651,53.268176453889964
37140.0,53.824852477179405,53.39038611627789
37200.0,53.94594217501182,53.512086020140636
37260.0,54.06649650766799,53.63327403372522
37320.0,54.18651327529305,53.753948072275165
37380.0,54.305990329315534,53.87410609740763
37440.0,54.42492557185791,53.993746116489696
37500.0,54.54331695514547,54.11286618201377
37560.0,54.661162480913845,54.231464390972654
37620.0,54.778460199815214,54.3495388842343
37680.0,54.89520821082362,54.46708784591659
37740.0,55.011404660639485,54.58410950276239
37800.0,55.1270477430936,54.70060212351505
37860.0,55.24213569855073,54.81656401829462
37920.0,55.35666681331318,54.93199353797504
37980.0,55.47063941902437,55.0468890735624
38040.0,55.58405189207272,55.16124905557465
38100.0,55.69690265299602,55.27507195342286
38160.0,55.80919016588648,55.388356274794226
38220.0,55.92091293779661,55.50110056503714
38280.0,56.032069518146216,55.61330340654839
38340.0,56.14265849813057,55.724963418162744
38400.0,56.25267851013002,55.836079254545126
38460.0,56.362128227121175,55.946649605585506
38520.0,56.471006362089874,56.056673195796755
38580.0,56.57931166744604,56.16614878371556
38640.0,56.68704293444064,56.275075161306646
38700.0,56.794198992584896,56.38345115337039
38760.0,56.90077870907186,56.49127561695406
38820.0,57.00678098820055,56.59854744076681
38880.0,57.11220477080282,56.70526554459848
38940.0,57.21704903367294,56.811428878742575
39000.0,57.321312789000295,56.9170364234233
39060.0,57.42499508380505,57.022087188226955
39120.0,57.52809499937714,57.12658021153779
39180.0,57.63061165071854,57.23051455997839
39240.0,57.732544185989056,57.33388932785475
39300.0,57.83389178595566,57.436703636606175
39360.0,57.93465366344555,57.53895663426008
39420.0,58.03482906280303,57.640647494891795
39480.0,58.1344172593502,57.741775418089496
39540.0,58.23341755885184,57.84233962842437
39600.0,58.331829296984175,57.94233937492605
39660.0,58.429651838808,58.04177393056347
39720.0,58.526884578246005,58.14064259173121
39780.0,58.6235269375645,58.238944677741344
39840.0,58.71957836685954,58.336679530321
39900.0,58.8150383435476,58.433846513115526
39960.0,58.90990637186087,58.53044501119752
40020.0,59.00418198234713,58.62647443058161
40080.0,59.0978647313744,58.72193419774514
40140.0,59.190954200640384,58.81682375915485
40200.0,59.28344999668671,58.911142580799456
40260.0,59.37535175041808,59.004890147728325
40320.0,59.466659116626445,59.09806596359621
40380.0,59.55737177352,59.19066955021412
40440.0,59.64748942225739,59.28270044710628
40500.0,59.73701178648686,59.37415821107336
40560.0,59.82593861189064,59.46504241576181
40620.0,59.91426966573433,59.55535265123953
40680.0,60.00200473642163,59.64508852357771
40740.0,60.089143633054114,59.73424965443898
40800.0,60.17568618499634,59.822835680671844
40860.0,60.261632241446165,59.91084625391137
40920.0,60.346981671010376,59.99828104018626
40980.0,60.431734361285535,60.08513971953211
41040.0,60.51589021844419,60.17142198561111
41100.0,60.599449166826375,60.257127545337966
41160.0,60.68241114853642,60.342256118512125
41220.0,60.76477612304509,60.426807437456354
41280.0,60.84654406679709,60.510781246661544
41340.0,60.92771497282382,60.59417730243785
41400.0,61.00828885036156,60.67699537257204
41460.0,61.088265724474894,60.75923523599112
41520.0,61.167645635685496,60.84089668243221
41580.0,61.24642863960622,60.92197951211855
41640.0,61.324614806580506,61.00248353544178
41700.0,61.40220422132704,61.08240857265034
41760.0,61.47919698258971,61.161754453543935
41820.0,61.55559320279285,61.24052101717426
41880.0,61.63139300770167,61.31870811155163
41940.0,61.70659653608794,61.396315593357755
42000.0,61.78120393940091,61.47334332766447
42060.0,61.85521538144333,61.54979118765846
42120.0,61.92863103805268,61.625659054371866
42180.0,62.00145109678753,61.70094681641888
42240.0,62.07367575661898,61.77565436973806
42300.0,62.145305227627205,61.84978161734055
42360.0,62.21633973070297,61.92332846906404
42420.0,62.28677949725425,61.99629484133241
42480.0,62.35662476891779,62.06868065692109
42540.0,62.42587579727558,62.14048584472801
42600.0,62.49453284357628,62.211710339550166
42660.0,62.56259617846152,62.28235408186566
42720.0,62.63006608169701,62.352417017621285
42780.0,62.69694284190848,62.421899098025456
42840.0,62.763226756322325,62.49080027934659
42900.0,62.82891813051109,62.55912052271673
42960.0,62.89401727814348,62.626859793940525
43020.0,62.958524520739125,62.69401806330933
43080.0,63.02244018742789,62.760595305420516
43140.0,63.08576461471376,62.82659149900188
43200.0,63.14849814624321,62.89200662674106
43260.0,63.21064113257808,62.95684067511998
43320.0,63.272193930972826,63.0210936342542
43380.0,63.333156905156166,63.08476549773714
43440.0,63.39353042511707,63.1478562624891
43500.0,63.45331486689503,63.21036592861108
43560.0,63.51251061237453,63.27229449924325
43620.0,63.57111804908374,63.33364198042806
43680.0,63.629137569997376,63.394408380977936
43740.0,63.68656957334357,63.454593712347496
43800.0,63.74341446241488,63.514197988510205
43860.0,63.799672645383225,63.573221225839426
43920.0,63.85534453511884,63.63166344299382
43980.0,63.91043054901305,63.689524660806995
44040.0,63.96493110880496,63.746804902181395
44100.0,64.01884664041191,63.80350419198633
44160.0,64.0721775737637,63.85962255696006
44220.0,64.12492434264053,63.915160025616
44280.0,64.17708738451454,63.97011662815278
44340.0,64.22866714039503,64.02449239636833
44400.0,64.2796640546772,64.0782873635777
44460.0,64.33007857499435,64.1315015645348
44520.0,64.37991115207363,64.18413503535773
44580.0,64.42916223959513,64.23618781345786
44640.0,64.47783229405432,64.28765993747255
44700.0,64.52592177462788,64.33855144720135
44760.0,64.57343114304267,64.38886238354569
44820.0,64.62036086344804,64.43859278845206
44880.0,64.6667114022912,64.48774270485852
44940.0,64.71248322819575,64.53631217664457
45000.0,64.75767681184327,64.58430124858421
45060.0,64.80229262585792,64.63170996630224
45120.0,64.84633114469402,64.67853837623369
45180.0,64.88979284452657,64.72478652558637
45240.0,64.93267820314456,64.77045446230639
45300.0,64.97498769984726,64.81554223504669
45360.0,65.01672181534312,64.86004989313848
45420.0,65.05788103165153,64.90397748656554
45480.0,65.09846583200721,64.9473250659413
45540.0,65.13847670076723,64.99009268248874
45600.0,65.17791412332072,65.03228038802287
45660.0,65.216778586001,65.07388823493599
45720.0,65.2550705760003,65.11491627618543
45780.0,65.29279058128695,65.15536456528386
45840.0,65.3299390905249,65.19523315629216
45900.0,65.36651659299572,65.23452210381454
45960.0,65.40252357852289,65.27323146299626
46020.0,65.43796053739833,65.31136128952353
46080.0,65.47282796031124,65.34891163962571
46140.0,65.50712633827915,65.3858825700798
46200.0,65.54085616258108,65.42227413821706
46260.0,65.57401792469281,65.45808640193177
46320.0,65.60661211622428,65.49331941969206
46380.0,65.63863922885906,65.52797325055282
46440.0,65.67009975429568,65.56204795417057
46500.0,65.70099418419103,65.59554359082021
46560.0,65.73132301010571,65.6284602214138
46620.0,65.76108672345114,65.66079790752103
46680.0,65.79028581543861,65.69255671139163
46740.0,65.81892077703006,65.72373669597947
46800.0,65.8469920988907,65.75433792496834
46860.0,65.87450027134331,65.78436046279948
46920.0,65.90144578432427,65.81380437470071
46980.0,65.92782912734118,65.84266972671708
47040.0,65.9536507894322,65.87095658574316
47100.0,65.97891125912686,65.89866501955677
47160.0,66.00361102440853,65.92579509685419
47220.0,66.02775057267833,65.95234688728674
47280.0,66.05133039072057,65.97832046149883
47340.0,66.07435096466958,66.00371589116726
47400.0,66.09681277997805,66.02853324904189
47460.0,66.11871632138666,66.05277260898748
47520.0,66.14006207289508,66.07643404602688
47580.0,66.16085051773437,66.09951763638527
47640.0,66.18108213834057,66.12202345753566
47700.0,66.20075741632957,66.14395158824541
47760.0,66.21987683247323,66.16530210862392
47820.0,66.23844086667674,66.18607510017125
47880.0,66.256449997957,66.20627064582784
47940.0,66.27390470442234,66.22588883002518
48000.0,66.29080546325315,66.24492973873735
48060.0,66.30715275068377,66.26339345953356
48120.0,66.3229470419853,66.28128008163146
48180.0,66.3381888114495,66.2985896959514
48240.0,66.3528785323737,66.31532239517142
48300.0,66.36701667704662,66.33147827378296
48360.0,66.38060371673524,66.34705742814747
48420.0,66.39364012167248,66.36205995655357
48480.0,66.40612636104585,66.37648595927502
48540.0,66.41806290298697,66.39033553862922
48600.0,66.4294502145619,66.40360879903642
48660.0,66.44028876176226,66.41630584707953
48720.0,66.45057900949733,66.42842679156436
48780.0,66.46032142158668,66.43997174358063
48840.0,66.46951646075374,66.4509408165632
48900.0,66.47816458862,66.46133412635406
48960.0,66.48626626569998,66.47115179126455
49020.0,66.49382195139684,66.48039393213817
49080.0,66.5008321039987,66.4890606724137
49140.0,66.50729718067558,66.4971521381887
49200.0,66.51321763747694,66.50466845828338
49260.0,66.51859392932991,66.51160976430484
49320.0,66.523426510038,66.51797619071151
49380.0,66.52771583228045,66.52376787487793
49440.0,66.5314623476121,66.52898495715982
49500.0,66.53466650646382,66.53362758095928
49560.0,66.53732875814333,66.53769589279027
49620.0,66.5394495508367,66.54119004234424
49680.0,66.54102933161015,66.54411018255598
49740.0,66.54206854641247,66.54645646966952
49800.0,66.54256764007768,66.54822906330419
49860.0,66.54252705632831,66.54942812652082
49920.0,66.54194723777896,66.55005382588796
49980.0,66.54082862594029,66.55010633154814
50040.0,66.5391716612234,66.54958581728422
50100.0,66.53697678294455,66.54849246058576
50160.0,66.53424442933019,66.54682644271533
50220.0,66.53097503752238,66.54458794877479
50280.0,66.52716904358454,66.54177716777161
50340.0,66.52282688250736,66.53839429268508
50400.0,66.5179489882152,66.5344395205324
50460.0,66.51253579357257,66.52991305243475
50520.0,66.50658773039102,66.52481509368319
50580.0,66.50010522943616,66.51914585380442
50640.0,66.493088720435,66.51290554662644
50700.0,66.48553863208343,66.50609439034405
50760.0,66.47745539205403,66.49871260758401
50820.0,66.46883942700389,66.49076042547027
50880.0,66.4596911625828,66.48223807568873
50940.0,66.45001102344153,66.4731457945519
51000.0,66.43979943324022,66.46348382306327
51060.0,66.42905681465703,66.45325240698146
51120.0,66.41778358939685,66.44245179688403
51180.0,66.40598017820014,66.43108224823101
51240.0,66.39364700085196,66.4191440214282
51300.0,66.38078447619101,66.40663738189
51360.0,66.36739302211888,66.39356260010204
51420.0,66.35347305560923,66.37991995168342
51480.0,66.33902499271724,66.36570971744848
51540.0,66.32404924858899,66.3509321834684
51600.0,66.30854623747094,66.33558764113218
51660.0,66.29251637271948,66.3196763872074
51720.0,66.27596006681053,66.30319872390044
51780.0,66.25887773134913,66.28615495891633
51840.0,66.24126977707911,66.26854540551814
51900.0,66.22313661389272,66.25037038258591
51960.0,66.20447865084034,66.23163021467514
52020.0,66.18529629614014,66.21232523207472
52080.0,66.16558995718776,66.19245577086448
52140.0,66.14536004056602,66.17202217297218
52200.0,66.12460695205448,66.15102478622991
52260.0,66.10333109663914,66.12946396443016
52320.0,66.08153287852201,66.10734006738112
52380.0,66.05921270113066,66.08465346096162
52440.0,66.03637096712774,66.06140451717539
52500.0,66.01300807842044,66.03759361420484
52560.0,65.9891244361699,66.01322113646417
52620.0,65.96472044080056,65.98828747465195
52680.0,65.93979649200944,65.96279302580312
52740.0,65.9143529887753,65.93673819334029
52800.0,65.88839032936788,65.9101233871245
52860.0,65.8619089113568,65.88294902350533
52920.0,65.83490913162066,65.85521552537038
52980.0,65.8073913863558,65.82692332219403
53040.0,65.7793560710851,65.79807285008567
53100.0,65.75080358066668,65.76866455183713
53160.0,65.72173430930242,65.73869887696952
53220.0,65.6921486505464,65.70817628177937
53280.0,65.66204699731328,65.67709722938406
53340.0,65.63142974188649,65.64546218976653
53400.0,65.60029727592631,65.61327163981933
53460.0,65.56864999047785,65.5805260633879
53520.0,65.5364882759789,65.54722595131314
53580.0,65.50381252226762,65.5133718014733
53640.0,65.47062311859011,65.47896411882502
53700.0,65.43692045360783,65.44400341544369
53760.0,65.40270491540488,65.40849021056304
53820.0,65.36797689149519,65.37242503061395
53880.0,65.33273676882945,65.33580840926248
53940.0,65.29698493380197,65.29864088744715
54000.0,65.26072177225738,65.2609230134154
54060.0,65.22394766949716,65.22265534275924
54120.0,65.186663010286,65.18383843845017
54180.0,65.14886817885798,65.14447287087319
54240.0,65.1105635589227,65.10455921786006
54300.0,65.0717495336711,65.0640980647217
54360.0,65.03242648578116,65.0230900042798
54420.0,64.99259479742352,64.98153563689749
54480.0,64.95225485026681,64.93943557050935
54540.0,64.91140702548286,64.89679042065035
54600.0,64.87005170375173,64.85360081048411
54660.0,64.82818926526659,64.80986737083018
54720.0,64.78582008973837,64.76559074019049
54780.0,64.74294455640029,64.72077156477499
54840.0,64.69956304401218,64.67541049852626
54900.0,64.65567593086463,64.62950820314337
54960.0,64.61128359478296,64.58306534810477
55020.0,64.56638641313099,64.53608261069027
55080.0,64.52098476281465,64.48856067600222
55140.0,64.47507902028542,64.44050023698563
55200.0,64.42866956154359,64.39190199444747
55260.0,64.38175676214122,64.342766657075
55320.0,64.33434099718517,64.29309494145325
55380.0,64.28642264133963,64.24288757208143
55440.0,64.23800206882875,64.19214528138855
55500.0,64.18907965343888,64.14086880974797
55560.0,64.13965576852078,64.0890589054911
55620.0,64.08973078699154,64.03671632492008
55680.0,64.03930508133631,63.98384183231952
55740.0,63.98837902360999,63.9304361999673
55800.0,63.93695298543855,63.876500208144385
55860.0,63.88502733802029,63.82203464514363
55920.0,63.83260245212692,63.76704030727767
55980.0,63.77967869810434,63.711517998885775
56040.0,63.72625644587339,63.655468532339775
56100.0,63.67233606493032,63.59889272804894
56160.0,63.61791792434714,63.54179141446387
56220.0,63.56300239277175,63.48416542807945
56280.0,63.50758983842791,63.42601561343668
56340.0,63.451680629115046,63.367342823123636
56400.0,63.39527513220786,63.308147917775315
56460.0,63.33837371465581,63.24843176607251
56520.0,63.280976742982325,63.18819524473965
56580.0,63.22308458328399,63.127439238541655
56640.0,63.16469760122943,63.06616464027969
56700.0,63.1058161620581,63.00437235078595
56760.0,63.0464406305789,62.9420632789174
56820.0,62.986571371168615,62.87923834154847
56880.0,62.9262087477702,62.81589846356269
56940.0,62.86535312389089,62.75204457784331
57000.0,62.80400486260021,62.68767762526288
57060.0,62.74216432652773,62.62279855467173
57120.0,62.67983187786077,62.55740832288548
57180.0,62.61700787834189,62.49150789467137
57240.0,62.55369268926624,62.42509824273368
57300.0,62.489886671478814,62.35818034769796
57360.0,62.42559018537148,62.290755198094274
57420.0,62.360803590879925,62.22282379033935
57480.0,62.295527247480464,62.154387128717644
57540.0,62.22976151418669,62.08544622536138
57600.0,62.16350674954597,62.01600210022946
57660.0,62.09676331163589,61.94605578108532
57720.0,62.029531558060505,61.875608303473754
57780.0,61.96181184594648,61.80466071069656
57840.0,61.89360453193912,61.73321405378719
57900.0,61.82490997219829,61.66126939148426
57960.0,61.75572852239419,61.58882779020405
58020.0,61.68606053770309,61.5158903240118
58080.0,61.61590637280285,61.44245807459202
58140.0,61.54526638186845,61.368532131217655
58200.0,61.47414091856732,61.294113590718176
58260.0,61.40253033605468,61.21920355744658
58320.0,61.33043498696868,61.143803143245286
58380.0,61.25785522342555,61.06791346741093
58440.0,61.184791397014585,60.9915356566581
58500.0,61.1112438587931,60.91467084508191
58560.0,61.037212959281305,60.83732017411955
58620.0,60.96269904845709,60.75948479251067
58680.0,60.88770247575077,60.68116585625672
58740.0,60.812223590039714,60.602364528579145
58800.0,60.736262739643024,60.52308197987651
58860.0,60.65982027231601,60.44331938768052
58920.0,60.58289653524476,60.36307793661092
58980.0,60.50549187504056,60.282358818329335
59040.0,60.42760663773439,60.20116323149196
59100.0,60.349241168771215,60.119492381701185
59160.0,60.270395813004455,60.037347481456116
59220.0,60.19107091469026,59.95472975010199
59280.0,60.11126681748184,59.87164041377849
59340.0,60.03098386442382,59.78808070536698
59400.0,59.95022239794648,59.7040518644366
59460.0,59.86898275986011,59.61955513718934
59520.0,59.7872652913493,59.53459177640393
59580.0,59.705070332967246,59.449163041378725
59640.0,59.62239822463009,59.363270197873426
59700.0,59.53924930561128,59.27691451804975
59760.0,59.455623914535934,59.190097280411
59820.0,59.37152238937527,59.102819769740556
59880.0,59.28694506744105,59.01508327703926
59940.0,59.20189228538009,58.926889099461754
60000.0,59.1163643791688,58.8382385402517
60060.0,59.0303616841078,58.74913290867594
60120.0,58.94388453481661,58.659573519957576
60180.0,58.85693326522836,58.56956169520798
60240.0,58.76950820858467,58.47909876135773
60300.0,58.68160969743053,58.38818605108649
60360.0,58.59323806360929,58.29682490275179
60420.0,58.50439363825783,58.205016660316765
60480.0,58.415076751801706,58.11276267327688
60540.0,58.325287733950496,58.02006429658551
60600.0,58.23502691369326,57.92692289057853
60660.0,58.14429461929412,57.83333982089784
60720.0,58.05309117828794,57.73931645841385
60780.0,57.96141691747624,57.64485417914692
60840.0,57.86927216292313,57.54995436418775
60900.0,57.77665723995156,57.45461839961677
60960.0,57.68357247313959,57.35884767642247
61020.0,57.59001818631696,57.26264359041872
61080.0,57.49599470256171,57.16600754216107
61140.0,57.40150234419716,57.06894093686203
61200.0,57.306541432788926,56.97144518430535
61260.0,57.21111228914226,56.87352169875929
61320.0,57.11521523329955,56.77517189888888
61380.0,57.01885058453805,56.67639720766719
61440.0,56.92201866136788,56.57719905228564
61500.0,56.82471978153022,56.47757886406327
61560.0,56.72695426199581,56.37753807835508
61620.0,56.62872241896368,56.27707813445937
61680.0,56.53002456786011,56.17620047552415
61740.0,56.430861023338,56.074906548452496
61800.0,56.33123209927636,55.973197803807096
61860.0,56.23113810878026,55.87107569571371
61920.0,56.13057936418095,55.76854168176376
61980.0,56.0295561770364,55.66559722291598
62040.0,55.928068858132136,55.5622437833971
62100.0,55.826117717482376,55.45848283060166
62160.0,55.72370306433157,55.35431583499084
62220.0,55.62082520715629,55.24974426999045
62280.0,55.51748445366742,55.14476961188795
62340.0,55.41368111081286,55.03939333972864
62400.0,55.30941548478047,54.9336169352109
62460.0,55.204687881001526,54.82744188258057
62520.0,55.09949860415452,54.72086966852449
62580.0,54.99384795816941,54.6139017820631
62640.0,54.88773624623232,54.506539714442226
62700.0,54.78116377079065,54.398784959024006
62760.0,54.67413083355864,54.29063901117696
62820.0,54.566637735523415,54.18210336816521
62880.0,54.45868477695156,54.0731795290369
62940.0,54.35027225739604,53.96386899451175
63000.0,54.24140047570378,53.8541732668678
63060.0,54.132069730023694,53.744093849827365
63120.0,54.02228031781517,53.63363224844217
63180.0,53.91203253585722,53.52278996897766
63240.0,53.80132668025807,53.41156851879658
63300.0,53.69016304646537,53.299969406241686
63360.0,53.57854192927699,53.18799414051777
63420.0,53.46646362285232,53.07564423157284
63480.0,53.35392842072428,52.96292118997856
63540.0,53.24093661581183,52.84982652680995
63600.0,53.12748850043319,52.73636175352431
63660.0,53.01358436631966,52.62252838183938
63720.0,52.89922450463012,52.508327923610835
63780.0,52.784409205966114,52.39376189070893
63840.0,52.66913876038774,52.278831794894515
63900.0,52.553413457430096,52.16353914769427
63960.0,52.43723358612056,52.04788546027524
64020.0,52.32059943499667,51.93187224331862
64080.0,52.20351129212487,51.81550100689291
64140.0,52.08596944511982,51.698773260326234
64200.0,51.96797418116471,51.5816905120781
64260.0,51.849525787032135,51.46425426961031
64320.0,51.73062454910588,51.34646603925729
64380.0,51.61127075340348,51.228327326095645
64440.0,51.49146468559965,51.10983963381305
64500.0,51.37120663105047,50.99100446457645
64560.0,51.250496874818495,50.87182331889951
64620.0,51.12933570169873,50.75229769550944
64680.0,51.007723396245474,50.632429091213076
64740.0,50.885660242800085,50.51221900076225
64800.0,50.76314652551968,50.39166891671851
64860.0,50.64018252840674,50.27078032931705
64920.0,50.516768535339736,50.14955472633
64980.0,50.39290483010466,50.02799359292897
65040.0,50.26859169642764,49.90609841154684
65100.0,50.14382941800849,49.78387066173886
65160.0,50.018618278555344,49.66131182004297
65220.0,49.89295856182036,49.538423359839385
65280.0,49.76685055163645,49.415206751209425
65340.0,49.64029453195516,49.29166346079352
65400.0,49.51329078688566,49.16779495164848
65460.0,49.38583960073483,49.043602683103884
65520.0,49.25794125804861,48.91908811061771
65580.0,49.129596043654416,48.79425268563105
65640.0,49.00080424270492,48.66909785542203
65700.0,48.87156614072293,48.54362506295873
65760.0,48.741882023647634,48.41783574675129
65820.0,48.61175217788206,48.29173134070297
65880.0,48.48117689034196,48.165313273960294
65940.0,48.35015644850593,48.03858297076216
66000.0,48.218691140467,47.91154185028785
66060.0,48.08678125498562,47.78419132650402
66120.0,47.95442708154401,47.65653280801052
66180.0,47.821628910402126,47.528567697884995
66240.0,47.68838703265503,47.40029739352633
66300.0,47.55470174029187,47.271723286496744
66360.0,47.4205733262564,47.142846762362566
66420.0,47.2860020845092,47.01366920053362
66480.0,47.15098831009149,46.88419197410111
66540.0,47.01553229919073,46.75441644967396
66600.0,46.87963434920792,46.6243439872136
66660.0,46.74329475882676,46.49397593986696
66720.0,46.60651382808463,46.36331365379772
66780.0,46.46929185844555,46.232358468015704
66840.0,46.331629152875024,46.101111714204244
66900.0,46.19352601591698,45.969574716545466
66960.0,46.054982753772784,45.83774879154341
67020.0,45.91599967438241,45.705635247844775
67080.0,45.77657708750787,45.57323538605722
67140.0,45.63671530481889,45.4405504985651
67200.0,45.496414639981055,45.3075818693424
67260.0,45.35567540874633,45.17433077376279
67320.0,45.21449792904622,45.040798478406636
67380.0,45.07288252108753,44.90698624086466
67440.0,44.93082950745091,44.77289530953825
67500.0,44.78833921319223,44.63852692343601
67560.0,44.64541196594696,44.50388231196649
67620.0,44.50204809603763,44.368962694726754
67680.0,44.358247936584505,44.23376928128657
67740.0,44.21401182361963,44.09830327096796
67800.0,44.06934009620443,43.96256585261979
67860.0,43.924233096550914,43.8265582043871
67920.0,43.77869117014677,43.690281493474856
67980.0,43.63271466588446,43.55373687590575
68040.0,43.48630393619454,43.416925496271645
68100.0,43.33945933718343,43.27984848747832
68160.0,43.19218122877581,43.142506970483
68220.0,43.04446997486193,43.004902054024235
68280.0,42.89632594345008,42.86703483434368
68340.0,42.74774950682448,42.72890639489907
68400.0,42.59874104170894,42.59051780606804
68460.0,42.451185531393,42.45187012484196
68520.0,42.30506332929888,42.314687143575
68580.0,42.16035522632663,42.17894968795422
68640.0,42.01704233008146,42.04463792105186
68700.0,41.875106061011806,41.91173235887929
68760.0,41.73452814614012,41.78021384151436
68820.0,41.595290612990944,41.650063527126946
68880.0,41.4573757836578,41.52126288567288
68940.0,41.32076626900647,41.393793692738996
69000.0,41.1854449630113,41.267638023526146
69060.0,41.051395037221,41.14277824696717
69120.0,40.91859993535092,41.01919701997655
69180.0,40.78704336799841,40.896877281828694
69240.0,40.65670930747832,40.7758022486617
69300.0,40.52758198277557,40.65595540810375
69360.0,40.399645874611785,40.53732051401909
69420.0,40.272885710623285,40.419881581370795
69480.0,40.14728646064752,40.30362288119754
69540.0,40.02283333211526,40.18852893570166
69600.0,39.89951176554592,40.07458451344581
69660.0,39.777307430143445,39.96177462465563
69720.0,39.65620621949021,39.85008451662598
69780.0,39.536194247336525,39.73949966922807
69840.0,39.41725784348338,39.63000579051531
69900.0,39.29938354975606,39.52158881242534
69960.0,39.18255811606637,39.41423488657599
70020.0,39.06676849656142,39.30793038015298
70080.0,38.95200184585661,39.20266187188712
70140.0,38.83824551535089,39.09841614811889
70200.0,38.72548704962219,38.99518019894826
70260.0,38.61371418290111,38.892941214467825
70320.0,38.5029148356209,38.79168658107716
70380.0,38.39307711104182,38.691403877876546
70440.0,38.28418929194819,38.59208087313812
70500.0,38.17623983741621,38.49370552085264
70560.0,38.06921737965091,38.39626595735004
70620.0,37.96311072089049,38.29975049799206
70680.0,37.85790883037651,38.20414763393523
70740.0,37.75360084138817,38.10944602896253
70800.0,37.650176048339326,38.015634516382114
70860.0,37.54762390393657,37.92270209599149
70920.0,37.44593401639695,37.83063793110566
70980.0,37.34509614672396,37.7394313456477
71040.0,37.24510020604031,37.64907182130024
71100.0,37.14593625297615,37.55954899471653
71160.0,37.04759449111148,37.47085265478962
71220.0,36.95006526647133,37.38297273997829
71280.0,36.85333906507262,37.295899335688475
71340.0,36.75740651052128,37.20962267170876
71400.0,36.66225836165868,37.12413311969884
71460.0,36.56788551025596,37.039421190729634
71520.0,36.474278978755294,36.955477532873786
71580.0,36.381429918056966,36.87229292884554
71640.0,36.28932960535111,36.789858293688724
71700.0,36.19796944199312,36.70816467251179
71760.0,36.10734095142181,36.627203238268805
71820.0,36.01743577711905,36.54696528958532
71880.0,35.92824568061031,36.467442248628146
71940.0,35.83976253950481,36.38862565901796
72000.0,35.75197834557455,36.31050718378382
72060.0,35.66488520287131,36.233078603358585
72120.0,35.5784753258807,36.15633181361436
72180.0,35.49274103771245,36.08025882393699
72240.0,35.407674768326075,36.0048517553388
72300.0,35.323269052791204,35.93010283860864
72360.0,35.23951652958163,35.856004412498436
72420.0,35.15640993890247,35.78254892194541
72480.0,35.073942121049626,35.70972891632919
72540.0,34.99210601480078,35.63753704776296
72600.0,34.910894655837296,35.56596606941802
72660.0,34.83030117519626,35.49500883388082
72720.0,34.75031879775207,35.42465829154196
72780.0,34.67094084072685,35.354907489016256
72840.0,34.592160712229045,35.285749567593314
72900.0,34.513971909819645,35.21717776171785
72960.0,34.43636801910537,35.14918539749918
73020.0,34.35934271235822,35.081765891249155
73080.0,34.28288974716084,35.014912748047976
73140.0,34.20700296507712,34.94861956033726
73200.0,34.13167629034751,34.88288000653975
73260.0,34.05690372860845,34.81768784970511
73320.0,33.98267936563546,34.75303693618121
73380.0,33.90899736610933,34.68892119431037
73440.0,33.83585197240494,34.62533463315001
73500.0,33.7632375034022,34.5622713412172
73560.0,33.6911483533187,34.49972548525654
73620.0,33.61957899056348,34.43769130903097
73680.0,33.54852395661162,34.37616313213487
73740.0,33.477977864899074,34.31513534882915
73800.0,33.40793539973747,34.254602426897705
73860.0,33.33839131524826,34.19455890652485
73920.0,33.26934043431599,34.134999399193305
73980.0,33.2007776475602,34.07591858660228
74040.0,33.13269791232558,34.017311219605176
74100.0,33.06509625169001,33.95917211716662
74160.0,32.99796775349008,33.90149616533825
74220.0,32.93130756936382,33.84427831625305
74280.0,32.86511091381014,33.78751358713769
74340.0,32.799373063264774,33.73119705934256
74400.0,32.734089355192275,33.675323877389175
74460.0,32.669255187193855,33.61988924803446
74520.0,32.604866016130615,33.56488843935171
74580.0,32.54091735726195,33.51031677982781
74640.0,32.47740478339877,33.45616965747634
74700.0,32.41432392407128,33.402442518966325
74760.0,32.35167046471098,33.349130868766274
74820.0,32.289440145846584,33.296230268303134
74880.0,32.22762876231368,33.24373633513597
74940.0,32.16623216247775,33.19164474214398
75000.0,32.105246247470326,33.139951216728576
75060.0,32.04466697043804,33.08865154002928
75120.0,31.984490335804225,33.0377415461531
75180.0,31.924712398543,32.987217121417146
75240.0,31.865329263465355,32.937074203604254
75300.0,31.80633708451722,32.887308781231255
75360.0,31.747732064089128,32.83791689282976
75420.0,31.689510452337323,32.7888946262391
75480.0,31.63166854651609,32.74023811791127
75540.0,31.57420269032105,32.69194355222757
75600.0,31.517109273243232,32.64400716082676
75660.0,31.46038472993372,32.596425221944436
75720.0,31.404025539578672,32.54919405976351
75780.0,31.34802822528448,32.50231004377546
75840.0,31.292389353472917,32.455769588152236
75900.0,31.237105533286076,32.40956915112852
75960.0,31.18217341600088,32.36370523439423
76020.0,31.127589694453047,32.31817438249701
76080.0,31.07335110247021,32.27297318225451
76140.0,31.019454414314215,32.2280982621763
76200.0,30.965896444132216,32.183546291895226
76260.0,30.91267404541653,32.139313981607955
76320.0,30.859784110473072,32.095398081524685
76380.0,30.80722356989817,32.05179538132764
76440.0,30.75498939206365,32.00850270963838
76500.0,30.703078582609976,31.965516933493596
76560.0,30.651488183947407,31.922834957829362
76620.0,30.60021527476488,31.880453724973563
76680.0,30.5492569695466,31.83837021414644
76740.0,30.498610418096128,31.796581440969035
76800.0,30.448272805067862,31.75508445697941
76860.0,30.39824134950575,31.71387634915651
76920.0,30.34851330438912,31.672954239451485
76980.0,30.29908595618553,31.632315284326367
77040.0,30.249956624410423,31.59195667429995
77100.0,30.20112266119356,31.551875633500728
77160.0,30.152581450852068,31.51206941922679
77220.0,30.10433040946998,31.472535321512503
77280.0,30.05636698448415,31.43327066270188
77340.0,30.00868865427644,31.394272797028517
77400.0,29.9612929277721,31.355539110201956
77460.0,29.914177344044138,31.317067019000362
77520.0,29.86733947192369,31.278853970869406
77580.0,29.820776909616207,31.24089744352723
77640.0,29.77448728432336,31.2031949445754
77700.0,29.72846825187062,31.1657440111157
77760.0,29.68271749634035,31.128542209372704
77820.0,29.637232729710345,31.091587134322005
77880.0,29.592011691497728,31.054876409323978
77940.0,29.547052148408092,31.018407685763
78000.0,29.502351893989832,30.982178642692027
78060.0,29.457908748293487,30.946186986482427
78120.0,29.413720557536173,30.910430450478955
78180.0,29.36978519377083,30.874906794659818
78240.0,29.326100554560337,30.83961380530171
78300.0,29.28266456265636,30.80454929464973
78360.0,29.23947516568283,30.7697111005921
78420.0,29.19653033582405,30.735097086339618
78480.0,29.15382806951727,30.700705140109704
78540.0,29.111366387149676,30.666533174815044
78600.0,29.06914333275976,30.632579127756653
78660.0,29.027156973742976,30.598840960321375
78720.0,28.985405400561564,30.565316657683667
78780.0,28.94388672645854,30.53200422851162
78840.0,28.90259908717575,30.49890170467717
78900.0,28.86154064067593,30.46600714097037
78960.0,28.82070956686867,30.433318614817694
79020.0,28.780104067340297,30.4008342260043
79080.0,28.739722365087527,30.368552096400162
79140.0,28.69956270425487,30.336470369690012
79200.0,28.65962334987572,30.304587211107055
79260.0,28.619902587617062,30.272900807170338
79320.0,28.580398723527765,30.24140936542576
79380.0,28.54111008379031,30.210111114190642
79440.0,28.50203501447607,30.17900430230178
79500.0,28.463171881303893,30.148087198866953
79560.0,28.42451906940206,30.117358093019806
79620.0,28.38607498307352,30.086815293678058
79680.0,28.34783804556436,30.05645712930497
79740.0,28.30980669883543,30.02628194767404
79800.0,28.27197940333713,29.996288115636844
79860.0,28.23435463778726,29.96647401889399
79920.0,28.196930898951848,29.93683806176913
79980.0,28.15970670142906,29.907378666985963
80040.0,28.122680577435943,29.8780942754482
80100.0,28.085851076598104,29.848983346022433
80160.0,28.049216765742216,29.820044355323873
80220.0,28.012776228691315,29.79127579750487
80280.0,27.97652806606285,29.762676184046224
80340.0,27.94047089506945,29.734244043551204
80400.0,27.90460334932232,29.70597792154224
80460.0,27.86892407863731,29.677876380260255
80520.0,27.833431748843516,29.649937998466584
80580.0,27.79812504159444,29.622161371247422
80640.0,27.763002654181683,29.594545109820814
80700.0,27.72806329935103,29.56708784134608
80760.0,27.69330570512102,29.539788208735683
80820.0,27.658728614603863,29.512644870469476
80880.0,27.624330785828743,29.485656500411313
80940.0,27.59011099156737,29.458821787627965
81000.0,27.556068019161884,29.432139436210313
81060.0,27.522200670354938,29.40560816509678
81120.0,27.48850776112202,29.379226707898983
81180.0,27.45498812150593,29.352993812729544
81240.0,27.421640595453425,29.326908242032044
81300.0,27.388464040653904,29.300968772413082
81360.0,27.355457328380247,29.27517419447642
81420.0,27.322619343331635,29.249523312659147
81480.0,27.28994898347841,29.224014945069868
81540.0,27.2574451599089,29.198647923328878
81600.0,27.2251067966782,29.173421092410276
81660.0,27.19293283065887,29.148333310486
81720.0,27.160922211393512,29.123383448771758
81780.0,27.12907390094924,29.09857039137483
81840.0,27.09738687377393,29.0738930351437
81900.0,27.06586011655434,29.049350289519484
81960.0,27.03449262807593,29.02494107638916
82020.0,27.003283419084525,29.000664329940555
82080.0,26.972231512149595,28.976518996519037
82140.0,26.94133594152933,28.952504034485948
82200.0,26.91059575303735,28.928618414078695
82260.0,26.880010003911003,28.904861117272503
82320.0,26.84957776268141,28.881231137643795
82380.0,26.81929810904499,28.857727480235198
82440.0,26.78917013373662,28.834349161422125
82500.0,26.75919293840433,28.811095208780916
82560.0,26.72936563548553,28.787964660958536
82620.0,26.699687348084723,28.76495656754378
82680.0,26.67015720985272,28.742069988939992
82740.0,26.640774364867312,28.719303996239244
82800.0,26.61153796751535,28.696657671097995
82860.0,26.58244718237629,28.67413010561417
82920.0,26.553501184107088,28.651720402205687
82980.0,26.52469915732849,28.62942767349033
83040.0,26.496040296512685,28.607251042167068
83100.0,26.46752380587225,28.585189640898687
83160.0,26.439148899250466,28.563242612195793
83220.0,26.41091480001286,28.54140910830213
83280.0,26.38282074094012,28.519688291081213
83340.0,26.354865964122133,28.498079331904247
83400.0,26.327049720853392,28.47658141153932
83460.0,26.29937127152952,28.455193720041873
83520.0,26.27182988554506,28.433915456646375
83580.0,26.24442484119241,28.41274582965927
83640.0,26.217155425561963,28.391684056353096
83700.0,26.19002093444333,28.37072936286182
83760.0,26.163020672227773,28.349880984077345
83820.0,26.136153951811693,28.329138163547185
83880.0,26.10942009450124,28.308500153373295
83940.0,26.082818429918024,28.287966214112025
84000.0,26.05634829590583,28.267535614675214
84060.0,26.030009038438468,28.247207632232374
84120.0,26.00380001152859,28.226981552113983
84180.0,25.977720577137564,28.206856667715854
84240.0,25.951770105086336,28.186832280404577
84300.0,25.925947972967293,28.166907699424005
84360.0,25.900253566057103,28.1470822418028
84420.0,25.87468627723049,28.127355232263
84480.0,25.84924550687502,28.10772600312961
84540.0,25.82393066280673,28.08819389424119
84600.0,25.79874116018677,28.068758252861453
84660.0,25.77367642143889,28.049418433591832
84720.0,25.74873587616784,28.030173798285034
84780.0,25.72391896107866,28.011023715959535
84840.0,25.699225119896838,27.991967562715054
84900.0,25.67465380328929,27.973004721648937
84960.0,25.65020446878625,27.95413458277349
85020.0,25.625876580703917,27.935356542934226
85080.0,25.601669610067965,27.916670005729
85140.0,25.57758303453788,27.898074381428085
85200.0,25.553616338332017,27.879569086895096
85260.0,25.529769012153537,27.861153545508813
85320.0,25.50604055311704,27.842827187085867
85380.0,25.482430464676,27.82458944780428
85440.0,25.45893825655095,27.806439770127874
85500.0,25.4355634446584,27.7883776027315
85560.0,25.412305551040465,27.770402400427116
85620.0,25.389164103795267,27.752513624090664
85680.0,25.36613863700799,27.734710740589797
85740.0,25.343228690682665,27.716993222712386
85800.0,25.320433810674647,27.69936054909583
85860.0,25.297753548623756,27.68181220415715
85920.0,25.275187461888084,27.664347678023894
85980.0,25.25273511347851,27.646966466465766
86040.0,25.2303960719938,27.62966807082706
86100.0,25.2081699115564,27.612451997959834
86160.0,25.18605621174882,27.595317760157844
86220.0,25.16405455755072,27.5782648750912
86280.0,25.142164539276493,27.56129286574178
86340.0,25.12038575251358,27.54440126033936
