time_s,Tw_true,Tw_pred_rollout,abs_error,split
0.0,23.0,23.0,0.0,train
60.0,22.99625345238221,22.510298224444714,0.48595522793749524,train
120.0,22.992472831370065,22.604126718622574,0.38834611274749165,train
180.0,22.988653232447117,22.60346622244496,0.3851870100021557,train
240.0,22.98479514812123,22.596102425382735,0.38869272273849376,train
300.0,22.98089941051874,22.588361080672925,0.3925383298458165,train
360.0,22.97696686899428,22.58064300302499,0.3963238659692898,train
420.0,22.972998369541926,22.572973746065916,0.40002462347601053,train
480.0,22.968994753443376,22.565355082250175,0.40363967119320066,train
540.0,22.96495685715774,22.55778726377068,0.40716959338706005,train
600.0,22.96088551229493,22.550270447195857,0.41061506509907275,train
660.0,22.95678154559709,22.542804785531512,0.4139767600655766,train
720.0,22.952645778923102,22.535390434136172,0.4172553447869305,train
780.0,22.948479029235543,22.52802755101142,0.4204514782241233,train
840.0,22.944282108589924,22.520716296724157,0.42356581186576747,train
900.0,22.940055824126222,22.513456834307046,0.4265989898191762,train
960.0,22.935800978062403,22.506249329160205,0.42955164890219777,train
1020.0,22.93151836768985,22.499093948955533,0.4324244187343176,train
1080.0,22.927208785370716,22.491990863543464,0.4352179218272525,train
1140.0,22.922873018536823,22.484940244862294,0.4379327736745289,train
1200.0,22.918511849690347,22.477942266849738,0.44056958284060954,train
1260.0,22.91412605640584,22.470997105356766,0.4431289510490757,train
1320.0,22.909716411333783,22.46410493806348,0.44561147327030426,train
1380.0,22.90528368220541,22.457265944396973,0.44801773780843845,train
1440.0,22.90082863183879,22.450480305451194,0.4503483263875978,train
1500.0,22.896352018146075,22.4437482039086,0.45260381423747376,train
1560.0,22.89185459414184,22.437069823963505,0.4547847701783354,train
1620.0,22.887337107952455,22.43044535124731,0.4568917567051436,train
1680.0,22.88280030282641,22.423874972755115,0.45892533007129543,train
1740.0,22.87824491714552,22.41735887677411,0.4608860403714097,train
1800.0,22.87367168443698,22.410897252813285,0.46277443162369636,train
1860.0,22.869081333386244,22.404490291534803,0.46459104185144184,train
1920.0,22.864474587850538,22.398138184686605,0.46633640316393254,train
1980.0,22.85985216687312,22.391841125036393,0.4680110418367285,train
2040.0,22.855214784698177,22.385599306307128,0.46961547839104867,train
2100.0,22.85056315078625,22.37941292311349,0.4711502276727586,train
2160.0,22.845897969830272,22.373282170899813,0.4726157989304589,train
2220.0,22.841219941772025,22.367207245879104,0.4740126958929203,train
2280.0,22.83652976181915,22.361188344973367,0.475341416845783,train
2340.0,22.831828120462525,22.355225665754826,0.4766024547076988,train
2400.0,22.82711570349404,22.34931940638844,0.477796297105602,train
2460.0,22.82239319202476,22.343469765575495,0.47892342644926345,train
2520.0,22.81766126250337,22.3376769424981,0.479984320005272,train
2580.0,22.812920586734997,22.331941136764875,0.4809794499701212,train
2640.0,22.80817183190016,22.32626254835746,0.4819092835427021,train
2700.0,22.80341566057414,22.32064137757815,0.48277428299599023,train
2760.0,22.79865273074644,22.315077824998433,0.4835749057480072,train
2820.0,22.793883695840456,22.30957209140838,0.4843116044320759,train
2880.0,22.789109204733386,22.30412437776706,0.4849848269663255,train
2940.0,22.78432990177619,22.298734885153767,0.48559501662242255,train
3000.0,22.77954642681376,22.293403814720133,0.4861426120936265,train
3060.0,22.774759415205125,22.288131367643107,0.48662804756201794,train
3120.0,22.76996949784383,22.282917745078766,0.4870517527650655,train
3180.0,22.7651773011783,22.27776314811695,0.4874141530613514,train
3240.0,22.7603834472323,22.272667777736608,0.48771566949569234,train
3300.0,22.75558855362543,22.267631834762156,0.4879567188632734,train
3360.0,22.75079323359364,22.262655519820328,0.4881377137733125,train
3420.0,22.745998096009732,22.257739033297984,0.488259062711748,train
3480.0,22.741203745403915,22.25288257530059,0.4883211701033261,train
3540.0,22.736410781984244,22.248086345611394,0.4883244363728494,train
3600.0,22.731619801657114,22.243350543651477,0.48826925800563714,train
3660.0,22.72683139604767,22.238675368440255,0.48815602760741683,train
3720.0,22.722046152520168,22.234061018556886,0.48798513396328147,train
3780.0,22.717264654198253,22.229507692102313,0.4877569620959399,train
3840.0,22.7124874799852,22.22501558666193,0.4874718933232707,train
3900.0,22.707715204584023,22.220584899268925,0.48713030531509816,train
3960.0,22.70294839851753,22.216215826368266,0.4867325721492648,train
4020.0,22.69818762814823,22.211908563781467,0.48627906436676227,train
4080.0,22.693433455698163,22.207663306671687,0.4857701490264752,train
4140.0,22.688686439268597,22.203480249509777,0.48520618975882,train
4200.0,22.683947132859583,22.199359586040714,0.48458754681886873,train
4260.0,22.67921608638942,22.195301509250744,0.4839145771386768,train
4320.0,22.674493845713897,22.191306211335085,0.48318763437881174,train
4380.0,22.669780952645468,22.18737388366624,0.4824070689792279,train
4440.0,22.66507794497223,22.183504716762865,0.48157322820936344,train
4500.0,22.66038535647673,22.17969890025923,0.4806864562175015,train
4560.0,22.655703716954665,22.175956622875237,0.4797470940794284,train
4620.0,22.65103355223331,22.172278072386977,0.4787554798463347,train
4680.0,22.64637538418988,22.168663435597868,0.47771194859201316,train
4740.0,22.641729730769622,22.16511289831032,0.4766168324593032,train
4800.0,22.63709710600378,22.161626645297954,0.4754704607058251,train
4860.0,22.63247802002732,22.15820486027834,0.4742731597489822,train
4920.0,22.6278729790965,22.15484772588623,0.47302525321027034,train
4980.0,22.62328248560624,22.15155542364734,0.471727061958898,train
5040.0,22.618707038107235,22.14832813395274,0.4703789041544937,train
5100.0,22.614147131322937,22.145166036033565,0.46898109528937226,train
5160.0,22.609603256166277,22.142069307936328,0.4675339482299492,train
5220.0,22.605075899756173,22.139038126498775,0.4660377732573977,train
5280.0,22.600565545433867,22.136072667326214,0.4644928781076523,train
5340.0,22.596072672778973,22.13317310476823,0.4628995680107444,train
5400.0,22.59159775762536,22.13033961189605,0.46125814572931034,train
5460.0,22.58714127207678,22.127572360480272,0.45956891159650937,train
5520.0,22.58270368452228,22.12487152096912,0.45783216355316014,train
5580.0,22.578285459651344,22.122237262467166,0.45604819718417744,train
5640.0,22.573887058468884,22.11966975271453,0.45421730575435504,train
5700.0,22.569508938309887,22.11716915806654,0.45233978024334576,train
5760.0,22.565151552853905,22.114735643473907,0.4504159093799984,train
5820.0,22.56081535213925,22.11236937246327,0.44844597967598077,train
5880.0,22.556500782576997,22.11007050711827,0.44643027545872727,train
5940.0,22.552208286964635,22.107839208061097,0.44436907890353794,train
6000.0,22.547938304499624,22.10567563443449,0.44226267006513353,train
6060.0,22.54369127079254,22.1035799438841,0.4401113269084398,train
6120.0,22.53946761788006,22.101552292541495,0.43791532533856525,train
6180.0,22.535267774237656,22.099592835007464,0.43567493923019285,train
6240.0,22.531092164792025,22.097701724335792,0.43339044045623254,train
6300.0,22.52694121093326,22.095879112017595,0.43106209891566394,train
6360.0,22.52281533052674,22.09412514796605,0.4286901825606897,train
6420.0,22.51871493792477,22.0924399805015,0.4262749574232707,train
6480.0,22.51464044397792,22.090823756337148,0.4238166876407732,train
6540.0,22.51059225604609,22.0892766205652,0.42131563548088735,train
6600.0,22.506570778009333,22.087798716643324,0.41877206136600975,train
6660.0,22.50257641027832,22.086390186381774,0.41618622389654547,train
6720.0,22.498609549804566,22.08505116993075,0.41355837987381605,train
6780.0,22.494670590090365,22.083781805768524,0.41088878432184117,train
6840.0,22.490759921198396,22.0825822306897,0.40817769050869757,train
6900.0,22.48687792976104,22.08145257979425,0.4054253499667908,train
6960.0,22.4830249989894,22.080392986476785,0.4026320125126155,train
7020.0,22.479201508682,22.07940358241652,0.39979792626547805,train
7080.0,22.47540783523317,22.078484497567533,0.3969233376656369,train
7140.0,22.471644351641103,22.077635860149712,0.39400849149139106,train
7200.0,22.467911427515563,22.076857796640002,0.391053630875561,train
7260.0,22.46420942908532,22.076150431764376,0.3880589973209432,train
7320.0,22.46053871920517,22.075513888490146,0.38502483071502525,train
7380.0,22.45689965736268,22.074948288018888,0.3819513693437919,train
7440.0,22.453292599684477,22.074453749779888,0.3788388499045894,train
7500.0,22.44971789894228,22.07403039142413,0.3756875075181476,train
7560.0,22.4461759045585,22.073678328818858,0.3724975757396436,train
7620.0,22.44266696261147,22.073397676042678,0.369269286568791,train
7680.0,22.43919141584027,22.07318854538128,0.3660028704589884,train
7740.0,22.43574960364919,22.07305104732374,0.3626985563254479,train
7800.0,22.43234186211173,22.072985290559423,0.3593565715523077,train
7860.0,22.428968523974216,22.072991381975587,0.35597714199862907,train
7920.0,22.42562991865896,22.07306942665554,0.35256049200341977,train
7980.0,22.42232637226697,22.073219527877562,0.3491068443894072,train
8040.0,22.419058207580196,22.07344178711446,0.3456164204657348,train
8100.0,22.415825744063312,22.07373630403391,0.342089440029401,train
8160.0,22.41262929786498,22.074103176499424,0.3385261213655575,train
8220.0,22.40946918181861,22.074542500572306,0.334926681246305,train
8280.0,22.40634570544258,22.07505437051414,0.3312913349284372,train
8340.0,22.40325917493991,22.075638878790386,0.3276202961495258,train
8400.0,22.400209893197378,22.07629611607468,0.32391377712269787,train
8460.0,22.397198159783983,22.077026171254147,0.32017198852983597,train
8520.0,22.39422427094885,22.07782913143558,0.31639513951327203,train
8580.0,22.391288519618456,22.078705081952812,0.3125834376656442,train
8640.0,22.388391195393133,22.0796541063749,0.3087370890182335,train
8700.0,22.385532584542943,22.08067628651569,0.30485629802725356,train
8760.0,22.38271297000275,22.081771702444353,0.3009412675583967,train
8820.0,22.379932631366515,22.082940432497356,0.29699219886915884,train
8880.0,22.377191844880784,22.084182553291605,0.2930092915891791,train
8940.0,22.374490883437304,22.085498139739133,0.2889927436981701,train
9000.0,22.37183001656472,22.086887265063126,0.28494275150159254,train
9060.0,22.36920951041932,22.088350000815822,0.2808595096034985,train
9120.0,22.366629627774756,22.08988641689775,0.27674321087700804,train
9180.0,22.36409062801069,22.091496581579165,0.27259404643152507,train
9240.0,22.36159276710029,22.093180561523173,0.26841220557711765,train
9300.0,22.35913629759656,22.094938421811104,0.26419787578545595,train
9360.0,22.356721468617263,22.096770225970165,0.259951242647098,train
9420.0,22.35434852582863,22.098676036003415,0.2556724898252156,train
9480.0,22.352017711427475,22.100655912422575,0.25136179900490063,train
9540.0,22.3497292641218,22.102709914283544,0.2470193498382578,train
9600.0,22.34748341910971,22.104838099225134,0.24264531988457705,train
9660.0,22.34528040805654,22.10704052351115,0.2382398845453899,train
9720.0,22.34312045907001,22.109317242076234,0.2338032169937776,train
9780.0,22.341003796673377,22.111668308575677,0.22933548809769988,train
9840.0,22.338930641776223,22.11409377543974,0.22483686633648148,train
9900.0,22.33690121164295,22.116593693932824,0.22030751771012547,train
9960.0,22.33491571985853,22.11916811421796,0.21574760564056916,train
10020.0,22.332974376291503,22.121817085427377,0.2111572908641257,train
10080.0,22.331077387053792,22.124540655739413,0.20653673131437955,train
10140.0,22.329224954457203,22.127338872462975,0.2018860819942283,train
10200.0,22.3274172769662,22.130211782129805,0.19720549483639616,train
10260.0,22.32565454914666,22.133159430596123,0.1924951185505357,train
10320.0,22.323936961610165,22.136181863154086,0.18775509845607985,train
10380.0,22.322264700953465,22.139279124654866,0.18298557629859857,train
10440.0,22.32063794969249,22.14245125964444,0.17818669004805088,train
10500.0,22.319056886190467,22.14569831251381,0.17335857367665497,train
10560.0,22.317521684579376,22.14902032766583,0.16850135691354495,train
10620.0,22.31603251467406,22.152417349700542,0.16361516497351758,train
10680.0,22.314589541878107,22.15588942362201,0.1587001182560961,train
10740.0,22.313192927080493,22.159436595069657,0.15375633201083616,train
10800.0,22.31184282654186,22.163058910577888,0.14878391596397122,train
10860.0,22.31053939176904,22.16675641786837,0.14378297390067019,train
10920.0,22.3092827693763,22.170529166180497,0.1387536031958021,train
10980.0,22.308073100931384,22.174377206646184,0.1336958942852,train
11040.0,22.30691052278421,22.178300592717186,0.12860993006702515,train
11100.0,22.305795165875548,22.18229938065408,0.12349578522146842,train
11160.0,22.30472715552253,22.18637363008893,0.11835352543360145,train
11220.0,22.303706611177255,22.19052340467606,0.11318320650119418,train
11280.0,22.30273364615368,22.19474877284911,0.10798487330457007,train
11340.0,22.30182193779098,22.199049808707414,0.10277212908356503,train
11400.0,22.300944438517195,22.23561643484753,0.0653280036696664,train
11460.0,22.300126310749587,22.208140490130425,0.09198582061916127,train
11520.0,22.2993445353033,22.24125411489192,0.05809042041138213,train
11580.0,22.298620450795163,22.2172039973864,0.0814164534087638,train
11640.0,22.2979347296911,22.247192066138094,0.05074266355300594,train
11700.0,22.2973050851819,22.226582658920805,0.0707224262610957,train
11760.0,22.29679863870784,22.253427101139245,0.04337153756859635,train
11820.0,22.296263132236344,22.236277769488463,0.0599853627478808,train
11880.0,22.29583809213374,22.25999679645254,0.035841295681198204,train
11940.0,22.295397079845355,22.24630160756208,0.04909547228327327,train
12000.0,22.29505385017181,22.26686739166974,0.02818645850206991,train
12060.0,22.294707566451063,22.25664317827177,0.038064388179293474,train
12120.0,22.29444646169333,22.274047445166598,0.020399016526731373,train
12180.0,22.294194972499103,22.267305628215865,0.026889344283237193,train
12240.0,22.294017013252407,22.28154867036125,0.012468342891157391,train
12300.0,22.29387990014989,22.2852996192955,0.008580280854388889,train
12360.0,22.293783625994188,22.289304608627372,0.004479017366815441,train
12420.0,22.293730019289903,22.2933959209338,0.0003340983561024302,train
12480.0,22.29371536635772,22.297583123245595,0.0038677568878746627,train
12540.0,22.29373987450485,22.301812177201803,0.00807230269695225,train
12600.0,22.293803749306893,22.306399201783563,0.012595452476670488,train
12660.0,22.293907194584165,22.31104932262995,0.017142128045787075,train
12720.0,22.294050413551396,22.315762530087397,0.021712116536001247,train
12780.0,22.29423360421356,22.325886012664192,0.03165240845063266,train
12840.0,22.294456969081384,22.32537803282727,0.0309210637458861,train
12900.0,22.294720703227043,22.338628623755334,0.043907920528290845,train
12960.0,22.29502500189115,22.345058832592958,0.05003383070180689,train
13020.0,22.29537005855009,22.351592530768237,0.05622247221814547,train
13080.0,22.29575606492797,22.35819507348371,0.062439008555738695,train
13140.0,22.29618321099673,22.364866567940595,0.06868335694386474,train
13200.0,22.296651684976275,22.371606915494247,0.07495523051797193,train
13260.0,22.297161673334696,22.378416017281594,0.0812543439468989,train
13320.0,22.29771336078839,22.385293772826202,0.08758041203781275,train
13380.0,22.298306930302243,22.392240080050378,0.09393314974813549,train
13440.0,22.29894256308977,22.399254835276615,0.10031227218684435,train
13500.0,22.29962043861329,22.406337933229125,0.10671749461583602,train
13560.0,22.300424882529924,22.413489267035544,0.11306438450561984,train
13620.0,22.30127630328304,22.420708728228576,0.1194324249455363,train
13680.0,22.302174862100767,22.42800390477649,0.12582904267572204,train
13740.0,22.303120718295222,22.4353672329433,0.13224651464807735,train
13800.0,22.304114029270117,22.442798716130888,0.1386846868607705,train
13860.0,22.30515495052221,22.450298233904608,0.14514328338239935,train
13920.0,22.30624363564298,22.4578656663297,0.15162203068672042,train
13980.0,22.30738023632017,22.46550089184552,0.15812065552534804,train
14040.0,22.30856490233942,22.473203787306907,0.1646388849674878,train
14100.0,22.30979778158581,22.480974227986483,0.17117644640067198,train
14160.0,22.311079020045497,22.488812087577667,0.17773306753217,train
14220.0,22.31240876180728,22.496717238197807,0.18430847639052672,train
14280.0,22.313787149064197,22.504689550391365,0.1909024013271683,train
14340.0,22.3152143221151,22.51272889313313,0.19751457101802927,train
14400.0,22.316690419366275,22.520835133831465,0.20414471446519045,train
14460.0,22.318215577333,22.529008138331776,0.21079256099877597,train
14520.0,22.319789930641157,22.537247770919777,0.21745784027861959,train
14580.0,22.32141361202881,22.545553894325014,0.22414028229620442,train
14640.0,22.32308675234783,22.553926369724447,0.23083961737661696,train
14700.0,22.324809480565467,22.562365056745904,0.2375555761804371,train
14760.0,22.326581923765964,22.570869813471816,0.24428788970585202,train
14820.0,22.32840420715217,22.57944049644288,0.2510362892907132,train
14880.0,22.330276454047144,22.588076960661777,0.2578005066146325,train
14940.0,22.332198785895788,22.596779059597004,0.26458027370121684,train
15000.0,22.33417132226645,22.605546645186728,0.271375322920278,train
15060.0,22.336194180852573,22.614379567842693,0.2781853869901205,train
15120.0,22.33826747747432,22.623277676454155,0.28501019897983326,train
15180.0,22.34039132608021,22.632240818391956,0.29184949231174784,train
15240.0,22.342565838748783,22.64126883951253,0.2987030007637479,train
15300.0,22.344791125690268,22.65036158416207,0.3055704584718022,train
15360.0,22.34706729524821,22.659518895180696,0.31245159993248706,train
15420.0,22.349394453901184,22.66874061390664,0.31934616000545546,train
15480.0,22.35177270626446,22.678026580180546,0.3262538739160874,train
15540.0,22.354202155091706,22.687376632349835,0.33317447725812954,train
15600.0,22.356682901276677,22.696790607272963,0.34010770599628515,train
15660.0,22.359215043854945,22.70626834032399,0.3470532964690456,train
15720.0,22.361798680005627,22.715809665396936,0.3540109853913087,train
15780.0,22.3644339050531,22.725414414910365,0.3609805098572636,train
15840.0,22.36712081246877,22.735082419811885,0.36796160734311556,train
15900.0,22.36985949387281,22.74481350958283,0.3749540157100206,train
15960.0,22.372650039035957,22.754607512242917,0.3819574732069597,train
16020.0,22.375492535881264,22.764464254354866,0.3889717184736021,train
16080.0,22.37838707048594,22.77438356102926,0.39599649054332176,train
16140.0,22.38133372708312,22.784365255929256,0.40303152884613525,train
16200.0,22.38433258806372,22.79440916127547,0.4100765732117502,train
16260.0,22.38738373397824,22.80451509785088,0.4171313638726417,train
16320.0,22.390487243538654,22.81468288500567,0.4241956414670156,train
16380.0,22.393643193620274,22.824912340662287,0.4312691470420127,train
16440.0,22.396851659263596,22.835203281320407,0.43835162205681044,train
16500.0,22.400112713676226,22.845555522062003,0.44544280838577777,train
16560.0,22.40342642823481,22.85596887655645,0.4525424483216405,train
16620.0,22.40679287248693,22.866443157065625,0.4596502845786965,train
16680.0,22.41021211415306,22.876978174449157,0.466766060296095,train
16740.0,22.413684219128555,22.887573738169536,0.47388951904098064,train
16800.0,22.417209251485588,22.898229656297474,0.48102040481188624,train
16860.0,22.42078727347517,22.908945735517154,0.48815846204198365,train
16920.0,22.424418345529183,22.919721781131535,0.49530343560235224,train
16980.0,22.42810252626237,22.930557597067818,0.5024550708054463,train
17040.0,22.43183987247442,22.941452985882698,0.5096131134082782,train
17100.0,22.435630439152018,22.952407748767993,0.5167773096159749,train
17160.0,22.439474279470947,22.963421685556014,0.5239474060850675,train
17220.0,22.44337144479818,22.974494594725083,0.531123149926902,train
17280.0,22.447321984694018,22.985626273405153,0.5383042887111351,train
17340.0,22.451325946914224,22.99681651738331,0.5454905704690844,train
17400.0,22.4553833774122,23.008065121109496,0.5526817436972955,train
17460.0,22.45949432034115,23.01937187770208,0.5598775573609309,train
17520.0,22.46365881805632,23.030736578953615,0.5670777608972948,train
17580.0,22.467876911117187,23.04215901533651,0.5742821042193214,train
17640.0,22.472148638289724,23.053638976008827,0.581490337719103,train
17700.0,22.476474036548662,23.065176248820062,0.5887022122714001,train
17760.0,22.480853141079777,23.076770620316953,0.5959174792371762,train
17820.0,22.4852859852822,23.08842187574935,0.6031358904671507,train
17880.0,22.48977260077075,23.100129799076083,0.6103571983053335,train
17940.0,22.494313017378275,23.111894172970892,0.6175811555926174,train
18000.0,22.49890726315804,23.123714778828383,0.6248075156703443,train
18060.0,22.50355536438612,23.13559139676997,0.6320360323838514,train
18120.0,22.508257345563795,23.1475238056499,0.6392664600861053,train
18180.0,22.513013229420032,23.15951178306126,0.6464985536412264,train
18240.0,22.517823036913917,23.171555105342094,0.6537320684281767,train
18300.0,22.522686787237134,23.183653547581457,0.6609667603443228,train
18360.0,22.52760449781653,23.19580688362549,0.6682023858089607,train
18420.0,22.532576184316557,23.208014886083653,0.6754387017670958,train
18480.0,22.537601860641907,23.220277326334816,0.6826754656929097,train
18540.0,22.54268153894005,23.232593974533476,0.6899124355934241,train
18600.0,22.547815229603867,23.24496459961603,0.6971493700121627,train
18660.0,22.553002941274222,23.257388969306927,0.7043860280327046,train
18720.0,22.558244680842677,23.26986685012504,0.7116221692823643,train
18780.0,22.563540453454102,23.282398007389872,0.71885755393577,train
18840.0,22.56889026250945,23.29498220522796,0.7260919427185115,train
18900.0,22.574294109668397,23.307619206579133,0.7333250969107361,train
18960.0,22.579751994852145,23.320308773202957,0.7405567783508111,train
19020.0,22.585263916246173,23.333050665685082,0.7477867494389088,train
19080.0,22.59082987030305,23.345844643443655,0.755014773140605,train
19140.0,22.596449851745223,23.35869046473581,0.7622406129905848,train
19200.0,22.6021238535679,23.37158788666401,0.76946403309611,train
19260.0,22.60785186704189,23.384536665182655,0.7766847981407636,train
19320.0,22.613633881716527,23.397536555104484,0.7839026733879564,train
19380.0,22.61946988542257,23.41058731010716,0.7911174246845896,train
19440.0,22.62535986427517,23.423688682739755,0.7983288184645865,train
19500.0,22.63130380267681,23.43684042442935,0.8055366217525375,train
19560.0,22.637301683320352,23.45004228548761,0.8127406021672563,train
19620.0,22.643353487192005,23.46329401511736,0.819940527925354,train
19680.0,22.649459193574412,23.476595361419218,0.8271361678448059,train
19740.0,22.65561878004973,23.489946071398236,0.834327291348508,train
19800.0,22.66183222250269,23.50334589097054,0.8415136684678508,train
19860.0,22.66809949512377,23.516794564970006,0.8486950698462365,train
19920.0,22.67442057041231,23.53029183715495,0.8558712667426427,train
19980.0,22.680795419179727,23.543837450214856,0.8630420310351283,train
20040.0,22.68722401055269,23.557431145777038,0.8702071352243479,train
20100.0,22.693706311976367,23.571072664413457,0.8773663524370896,train
20160.0,22.70024228921768,23.584761745647423,0.884519456429743,train
20220.0,22.706831906368578,23.598498127960358,0.8916662215917803,train
20280.0,22.71347512584937,23.612281548798656,0.8988064229492849,train
20340.0,22.720171908412045,23.626111744580395,0.9059398361683506,train
20400.0,22.726922213143634,23.639988450702198,0.9130662375585636,train
20460.0,22.73372599746961,23.653911401546065,0.9201854040764559,train
20520.0,22.74058321715729,23.6678803304862,0.9272971133289083,train
20580.0,22.7474938263193,23.681894969895904,0.9344011435766042,train
20640.0,22.75445777741702,23.695955051154385,0.9414972737373652,train
20700.0,22.761475021264097,23.710060304653734,0.9485852833896367,train
20760.0,22.768545507029955,23.724210459805708,0.9556649527757521,train
20820.0,22.77566918224336,23.738405245048767,0.9627360628054085,train
20880.0,22.782845992795984,23.752644387854897,0.9697983950589126,train
20940.0,22.79007588294601,23.76692761473659,0.9768517317905818,train
21000.0,22.79735879532175,23.7812546512538,0.983895855932051,train
21060.0,22.804694670925336,23.795625222020874,0.9909305510955377,train
21120.0,22.812083449136367,23.810039050713545,0.9979556015771784,train
21180.0,22.819525067715634,23.824495860075906,1.0049707923602718,train
21240.0,22.82701946280886,23.83899537192737,1.0119759091185117,train
21300.0,22.83456656895045,23.85353730716975,1.0189707382192985,train
21360.0,22.842166319067296,23.868121385794204,1.0259550667269082,train
21420.0,22.849818644482585,23.882747326888257,1.0329286824056716,train
21480.0,22.857523474919635,23.897414848642896,1.0398913737232611,train
21540.0,22.865280738505792,23.912123668359552,1.04684292985376,train
21600.0,22.8730903617763,23.926873502457138,1.0537831406808387,train
21660.0,22.8827724939988,23.9416640664792,1.0588915724803982,train
21720.0,22.894314671580663,23.988457419052466,1.0941427474718033,train
21780.0,22.90770423379579,24.034996301341216,1.1272920675454259,train
21840.0,22.9229286185884,24.081782912322822,1.1588542937344215,train
21900.0,22.93997531580662,24.128736819948866,1.1887615041422457,train
21960.0,22.95883187439464,24.17587265668228,1.21704078228764,train
22020.0,22.979485901378467,24.223190276055682,1.2437043746772147,train
22080.0,23.00192506208534,24.27069204612306,1.2687669840377183,train
22140.0,23.02613708021322,24.31838021709643,1.292243136883208,train
22200.0,23.05210973794651,24.366257313889037,1.3141475759425276,train
22260.0,23.07983087609202,24.41432608555226,1.3344952094602398,train
22320.0,23.10928839423908,24.46258951757851,1.3533011233394312,train
22380.0,23.140470250943583,24.511050835957388,1.3705805850138049,train
22440.0,23.173364463936323,24.559713512531157,1.386349048594834,train
22500.0,23.207959110355407,24.608581270372845,1.4006221600174378,train
22560.0,23.244242327002784,24.6576580892925,1.4134157622897163,train
22620.0,23.282202310624356,24.706948211402462,1.424745900778106,train
22680.0,23.321827318213145,24.75645614668526,1.434628828472114,train
22740.0,23.363105667334708,24.80618667849929,1.4430810111645833,train
22800.0,23.4060257364736,24.856144868949603,1.4501191324760008,train
22860.0,23.45057596539957,24.906336064043497,1.4557600986439283,train
22920.0,23.496744855551725,24.95676589854143,1.4600210429897054,train
22980.0,23.54447633808643,25.007440300404905,1.4629639623184758,train
23040.0,23.593846578988,25.05836549473289,1.4645189157448897,train
23100.0,23.64484463988295,25.109543912309398,1.4646992724264472,train
23160.0,23.69745960812515,25.16099035538375,1.4635307472585986,train
23220.0,23.75155419778281,25.212712097129856,1.4611578993470467,train
23280.0,23.80719665326387,25.300018867729847,1.4928222144659777,train
23340.0,23.86438803451206,25.318090236699266,1.4537022021872055,train
23400.0,23.923099712784065,25.43299969177553,1.5098999789914664,train
23460.0,23.983328912088854,25.425480335988794,1.44215142389994,train
23520.0,24.045065241641765,25.475828673343873,1.4307634317021076,train
23580.0,24.10829793991253,25.529176394129493,1.4208784542169646,train
23640.0,24.17301628304447,25.583007491247145,1.4099912082026762,train
23700.0,24.239209611767627,25.637187878611066,1.3979782668434382,train
23760.0,24.3068673335736,25.69171784551339,1.384850511939792,train
23820.0,24.3759789230184,25.74660664633083,1.3706277233124275,train
23880.0,24.44653392180417,25.801864394695407,1.3553304728912359,train
23940.0,24.518521938764408,25.857501450549268,1.33897951178486,train
24000.0,24.59193264975503,25.913528346538122,1.321595696783092,train
24060.0,24.666755797442804,25.96995575507558,1.3031999576327777,train
24120.0,24.742981190981688,26.026794456128364,1.2838132651466765,train
24180.0,24.82059870556796,26.084055302197317,1.2634565966293572,train
24240.0,24.89959828186555,26.141749180204744,1.2421508983391938,train
24300.0,24.97997003658353,26.19988697035948,1.2199169337759486,train
24360.0,25.061626623709717,26.258675410212895,1.1970487865031778,train
24420.0,25.144564386220512,26.3197882471572,1.1752238609366863,train
24480.0,25.22876434905093,26.382411597313915,1.1536472482629847,train
24540.0,25.314209334996438,26.446270109866067,1.132060774869629,train
24600.0,25.400883396189663,26.511274144474587,1.1103907482849245,train
24660.0,25.488771495346004,26.57739405558241,1.0886225602364057,train
24720.0,25.57785931110183,26.64462248155301,1.066763170451182,train
24780.0,25.66813310810393,26.71296157443605,1.0448284663321203,train
24840.0,25.759579643546925,26.78241775312223,1.0228381095753036,train
24900.0,25.85218609556409,26.852999111774036,1.0008130162099462,train
24960.0,25.945940005440672,26.92471395040719,0.9787739449665196,train
25020.0,26.04082922901222,26.997569864880543,0.9567406358683215,train
25080.0,26.13684189448051,27.071573157088253,0.9347312626077411,train
25140.0,26.233966364964417,27.14672845037578,0.9127620854113623,train
25200.0,26.33219120475538,27.22303844892062,0.89084724416524,train
25260.0,26.43150514864864,27.30050380513275,0.8689986564841092,train
25320.0,26.53189707396972,27.379123071733687,0.8472259977639673,train
25380.0,26.63335597506702,27.45889272166449,0.8255367465974714,train
25440.0,26.73587094012948,27.53980722241246,0.8039362822829794,train
25500.0,26.839431130235184,27.621859153268044,0.7824280230328604,train
25560.0,26.94402576055653,27.705039355237137,0.7610135946806054,train
25620.0,27.049644083650467,27.78933710427062,0.7396930206201517,train
25680.0,27.156275374755168,27.87474029935649,0.7184649246013208,train
25740.0,27.263908919002876,27.961235657950738,0.6973267389478615,train
25800.0,27.372534000445174,28.048808912225294,0.6762749117801192,train
25860.0,27.48213989277506,28.137445000673697,0.6553051078986378,train
25920.0,27.59271585162008,28.227128250695806,0.6344123990757247,train
25980.0,27.704251108274622,28.317842548842314,0.6135914405676921,train
26040.0,27.81673486473589,28.40957149639375,0.5928366316578604,train
26100.0,27.930156289908204,28.502298548844905,0.5721422589367009,train
26160.0,28.044504516843496,28.59600713864083,0.5515026217973329,train
26220.0,28.159768640890743,28.69068078115308,0.5309121402623376,train
26280.0,28.27593771863461,28.78630316439349,0.5103654457588824,train
26340.0,28.393000767511865,28.882858223342108,0.48985745583024354,train
26400.0,28.510946766003546,28.98033020003029,0.46938343402674576,train
26460.0,28.629764654310332,29.078703690683938,0.44893903637360566,train
26520.0,28.74944333542854,29.177963681310757,0.428520345882216,train
26580.0,28.86997167655332,29.278095573130994,0.4081238965776741,train
26640.0,28.99133851074491,29.379085199214263,0.38774668846935256,train
26700.0,29.11353263880205,29.480918833613522,0.3673861948114734,train
26760.0,29.23654283129438,29.583583194192315,0.3470403628979355,train
26820.0,29.36035783071284,29.687065440231194,0.32670760951835476,train
26880.0,29.484966353703207,29.79135316578556,0.3063868120823514,train
26940.0,29.610357093353656,29.896434389650686,0.28607729629703016,train
27000.0,29.736518721511946,30.002297542678495,0.26577882116654905,train
27060.0,29.863439891112385,30.10893145308642,0.24549156197403477,train
27120.0,29.991109238496243,30.21632533030224,0.2252160918059971,train
27180.0,30.11951538571249,30.324468747801763,0.20495336208927384,train
27240.0,30.24864694278856,30.433351625319684,0.18470468253112315,train
27300.0,30.37849250996312,30.542964210744994,0.16447170078187412,train
27360.0,30.509040679874577,30.653297061954856,0.1442563820802789,train
27420.0,30.64028003970108,30.76434102878877,0.12406098908769181,train
27480.0,30.77219917324868,30.876087235323197,0.1038880620745175,train
27540.0,30.90478666298571,30.988527062568778,0.08374039958306767,train
27600.0,31.03803109202236,31.10165213168353,0.06362103966116806,train
27660.0,31.17192104603494,31.215454287769145,0.04353324173420603,train
27720.0,31.306445115135187,31.329925584296358,0.023480469161171413,train
27780.0,31.44159189568524,31.44505826818948,0.003466372504242088,train
27840.0,31.57734999205941,31.560844765585795,0.01650522647361541,train
27900.0,31.713708018354023,31.67727766827441,0.036430350079612595,train
27960.0,31.850654600047008,31.794349720811006,0.05630487923600214,train
28020.0,31.98817837560876,31.912053808298154,0.07612456731060746,train
28080.0,32.12626799806632,32.03038294481505,0.09588505325126562,train
28140.0,32.26491213652246,32.14933026247838,0.11558187404408216,train
28200.0,32.40409947763186,32.26888900111072,0.13521047652113793,train
28260.0,32.54381872703597,32.3890524984942,0.15476622854176725,train
28320.0,32.68405861075871,32.50981418118308,0.17424442957563002,train
28380.0,32.82480787656465,32.63116755585049,0.1936403207141595,train
28440.0,32.96605529528152,32.753106201143076,0.21294909413844465,train
28500.0,33.107789662088834,32.87562376001841,0.23216590207042742,train
28560.0,33.24999979777419,32.99871393253994,0.25128586523424445,train
28620.0,33.392674549958926,33.12237046910495,0.2703040808539754,train
28680.0,33.53580279429464,33.246587164082456,0.28921563021218333,train
28740.0,33.679373435631945,33.3713578498384,0.30801558579354804,train
28800.0,33.82337540916295,33.496676391125746,0.32669901803720336,train
28860.0,33.96779768153863,33.62253667982021,0.3452610017184199,train
28920.0,34.11262925196243,33.74893262998105,0.36369662198138286,train
28980.0,34.25785915326115,33.875858173219065,0.38200098004208627,train
29040.0,34.40347645293418,34.00330725435406,0.4001691985801159,train
29100.0,34.54947025418218,34.13127382734573,0.4181964268364524,train
29160.0,34.69582969691606,34.25975185148188,0.43607784543417694,train
29220.0,34.84254395874707,34.38873528781074,0.4538086709363327,train
29280.0,34.989602255959,34.518218095801956,0.47138416015704365,train
29340.0,35.13699384446299,34.64819423022579,0.48879961423720175,train
29400.0,35.28470802073582,34.77865763823655,0.5060503824992679,train
29460.0,35.43273412274221,34.90960225665056,0.5231318660916529,train
29520.0,35.58106153084178,35.04102200940746,0.5400395214343163,train
29580.0,35.72967966868109,35.17291080520595,0.5567688634751349,train
29640.0,35.87857800407137,35.30526253530399,0.5733154687673832,train
29700.0,36.027746049852325,35.43807107147545,0.5896749783768769,train
29760.0,36.17717336474232,35.571330264115716,0.6058431006266076,train
29820.0,36.32684955417545,35.70503394048827,0.6218156136871826,train
29880.0,36.47676427112576,35.83917590310527,0.6375883680204879,train
29940.0,36.62690721691876,35.973749928236636,0.6531572886821237,train
30000.0,36.77726814203073,36.10874976454054,0.6685183774901873,train
30060.0,36.92783684687582,36.24416913181045,0.6836677150653685,train
30120.0,37.07860318258124,36.38000171983315,0.698601462748087,train
30180.0,37.22955705175065,36.51624118735288,0.7133158643977708,train
30240.0,37.38068840921592,36.65288116113698,0.727807248078939,train
30300.0,37.53198726277733,36.789915235139105,0.7420720276382227,train
30360.0,37.68344367393232,36.927336969755,0.75610670417732,train
30420.0,37.83504775859284,37.06513989116851,0.7699078674243296,train
30480.0,37.9867896877914,37.20331749078275,0.7834721970086491,train
30540.0,38.13865968837568,37.341863224734176,0.7967964636415061,train
30600.0,38.29064804369197,37.48077051348583,0.809877530206137,train
30660.0,38.44274509425718,37.62003274149709,0.8227123527600853,train
30720.0,38.59494123841952,37.75964325696668,0.8352979814528396,train
30780.0,38.74722693300789,37.89959537164694,0.8476315613609486,train
30840.0,38.89959269396969,38.0398823607259,0.8597103332437896,train
30900.0,39.05202909699729,38.18049746277578,0.8715316342215047,train
30960.0,39.20452677814286,38.32143387976493,0.8830928983779316,train
31020.0,39.35707643442159,38.46268477713084,0.894391657290754,train
31080.0,39.50966882440317,38.60424328391302,0.9054255404901497,train
31140.0,39.66229476879148,38.74610249294299,0.9161922758484948,train
31200.0,39.81494515099239,38.88825546108971,0.9266896899026804,train
31260.0,39.96761091766944,39.030695209558196,0.9369157081112434,train
31320.0,40.12028307928752,39.17341472424073,0.9468683550467887,train
31380.0,40.27295271064416,39.316406956117085,0.9565457545270775,train
31440.0,40.42561095138856,39.459664821704045,0.965946129684518,train
31500.0,40.57824900652813,39.603181203551124,0.9750678029770086,train
31560.0,40.7308581469223,39.74694895078136,0.9839091961409423,train
31620.0,40.88342970976371,39.890960879676584,0.9924688300871267,train
31680.0,41.0359550990465,40.035209774303475,1.000745324743022,train
31740.0,41.18842578602157,40.17968838718163,1.0087373988399406,train
31800.0,41.3408333096388,40.324389439990064,1.0164438696487395,train
31860.0,41.49316927697591,40.46930562431177,1.02386365266414,train
31920.0,41.64542536365406,40.614429602414745,1.0309957612393177,train
31980.0,41.79759331423992,40.759754008067986,1.0378393061719322,train
32040.0,41.94966494263409,40.905271447391605,1.0443934952424812,train
32100.0,42.10163213244584,41.05097449973879,1.0506576327070505,train
32160.0,42.25348683735399,41.196855718609314,1.0566311187446757,train
32220.0,42.40522108145383,41.34290763259282,1.062313448861012,train
32280.0,42.55682695959,41.48912274634045,1.0677042132495487,train
32340.0,42.70829663767515,41.63549354156404,1.0728030961111088,train
32400.0,42.85962235299441,41.78201247806111,1.0776098749332945,train
32460.0,43.01079641449544,41.92867199476477,1.0821244197306683,train
32520.0,43.16181120306409,42.0754645108171,1.086346692246991,train
32580.0,43.31265917178549,42.22238242666514,1.0902767451203488,train
32640.0,43.46333284619057,42.369418125177525,1.0939147210130429,train
32700.0,43.61382482448787,42.51656397278142,1.0972608517064515,train
32760.0,43.76412777778066,42.66381232061813,1.1003154571625302,train
32820.0,43.91423445026919,42.81115550571623,1.103078944552962,train
32880.0,44.06413765943822,42.95858585218054,1.105551807257676,train
32940.0,44.213830296229474,43.106095672397565,1.1077346238319095,train
33000.0,44.36330532519938,43.253677268253426,1.109628056945951,train
33060.0,44.51255578466164,43.401322932365964,1.1112328522956787,train
33120.0,44.66157478681501,43.5490249493274,1.112549837487606,train
33180.0,44.81035551785591,43.69677559695892,1.1135799208969885,train
33240.0,44.95889123807619,43.84456714757347,1.1143240905027199,train
33300.0,45.10717528194576,43.99239186924779,1.1147834126979674,train
33360.0,45.25520105818028,44.140242027101266,1.1149590310790174,train
33420.0,45.40296204979393,44.288109884581,1.1148521652129304,train
33480.0,45.55045181413706,44.43598770475234,1.1144641093847198,train
33540.0,45.697663982919096,44.58386775159285,1.1137962313262477,train
33600.0,45.844592262216416,44.731742291289784,1.1128499709266322,train
33660.0,45.99123043246548,44.879603593538924,1.1116268389265542,train
33720.0,46.13757234844111,45.027443932845095,1.1101284155960158,train
33780.0,46.28361193922008,45.17525558982179,1.1083563493982922,train
33840.0,46.42934320813004,45.323030852489914,1.106312355640128,train
33900.0,46.57476023268385,45.470762017575105,1.1039982151087457,train
33960.0,46.71985716449949,45.61844139180061,1.1014157726988785,train
34020.0,46.86462822920544,45.76606129317758,1.0985669360278578,train
34080.0,47.00906772633192,45.913614052289574,1.0954536740423464,train
34140.0,47.15317002918785,46.061092013571404,1.092078015616444,train
34200.0,47.29692958472371,46.208487536581345,1.088442048142369,train
34260.0,47.440340913380574,46.35579299726551,1.0845479161150635,train
34320.0,47.58339860892517,46.503000789214084,1.080397819711088,train
34380.0,47.72609733827141,46.65010332490762,1.0759940133637897,train
34440.0,47.86843184128824,46.79709303695402,1.071338804334225,train
34500.0,48.01039693059425,46.94396237931385,1.0664345512803948,train
34560.0,48.151987491338886,47.09070382851427,1.0612836628246143,train
34620.0,48.29319848097076,47.23730988485065,1.0558885961201057,train
34680.0,48.43402492899296,47.38377307357448,1.0502518554184803,train
34740.0,48.57446193670567,47.530085946068,1.0443759906376684,train
34800.0,48.71450467693626,47.67624108100389,1.0382635959323707,train
34860.0,48.85414839375702,47.82223108548975,1.0319173082672748,train
34920.0,48.99338840219073,47.968048596196574,1.0253398059941574,train
34980.0,49.13222008790428,48.11368628047119,1.0185338074330872,train
35040.0,49.27063890689052,48.259136837430944,1.0115020694595742,train
35100.0,49.40864038513858,48.40439299904155,1.0042473860970347,train
35160.0,49.54622011829288,48.54944753117576,0.9967725871171211,train
35220.0,49.68337377130094,48.69429323465429,0.9890805366466537,train
35280.0,49.82009707805041,48.83892294626678,0.9811741317836322,train
35340.0,49.95638584099532,48.98332953977371,0.9730563012216038,train
35400.0,50.09223593077198,49.12750592688785,0.964730003884128,train
35460.0,50.22764328580463,49.27144505823487,0.9561982275697645,train
35520.0,50.36260391190114,49.415139924294074,0.9474639876070654,train
35580.0,50.49711388183896,49.558583556316734,0.9385303255222297,train
35640.0,50.63116933494162,49.70176902722331,0.9294003077183106,train
35700.0,50.764766476645946,49.84468945247872,0.9200770241672274,train
35760.0,50.897901578060335,49.98733799094548,0.9105635871148579,train
35820.0,51.03057097551424,50.12970784571396,0.9008631298002783,train
35880.0,51.162771070099225,50.27179226491012,0.890978805189107,train
35940.0,51.29449832720171,50.413584542480436,0.8809137847212725,train
36000.0,51.425749276027794,50.55507801895319,0.8706712570746049,train
36060.0,51.55652050912036,50.69626608217709,0.8602544269432713,train
36120.0,51.68680868186868,50.837142168035605,0.8496665138330783,train
36180.0,51.81661051201085,50.97769976113842,0.8389107508724294,train
36240.0,51.94592277912925,51.117932395488616,0.8279903836406319,train
36300.0,52.074742324139336,51.25783365512631,0.8169086690130243,train
36360.0,52.20306604877205,51.39739717474839,0.8056688740236595,train
36420.0,52.330890915049984,51.53661664030408,0.7942742747459022,train
36480.0,52.45821394475771,51.67548578956729,0.7827281551904193,train
36540.0,52.585032218906456,51.81399841268404,0.7710338062224125,train
36600.0,52.71134287719339,51.952148352696646,0.759194524496742,train
36660.0,52.83714311745579,52.08992950604399,0.7472136114118015,train
36720.0,52.96243019512035,52.227335823037635,0.7350943720827132,train
36780.0,53.08720142264787,52.36436130831458,0.7228401143332945,train
36840.0,53.21145416897365,52.501000021266215,0.7104541477074378,train
36900.0,53.3351858589437,52.63724607644367,0.6979397825000362,train
36960.0,53.45839397274719,52.773093643940044,0.6853003288071449,train
37020.0,53.581076045345256,52.90853694974911,0.672539095596143,train
37080.0,53.70322966589651,53.04357027610106,0.6596593897954506,train
37140.0,53.824852477179405,53.178187961775315,0.6466645154040904,train
37200.0,53.94594217501182,53.31238440239096,0.6335577726208612,train
37260.0,54.06649650766799,53.44615405067402,0.6203424569939742,train
37320.0,54.18651327529305,53.57949141670301,0.6070218585900449,train
37380.0,54.305990329315534,53.712391068132575,0.593599261182959,train
37440.0,54.42492557185791,53.84484763039456,0.580077941463351,train
37500.0,54.54331695514547,53.976855786878374,0.5664611682670966,train
37560.0,54.661162480913845,54.108410279089796,0.5527522018240489,train
37620.0,54.778460199815214,54.23950590678886,0.5389542930263573,train
37680.0,54.89520821082362,54.37013752810657,0.5250706827170504,train
37740.0,55.011404660639485,54.5003000596425,0.5111046009969868,train
37800.0,55.1270477430936,54.62998847654092,0.4970592665526752,train
37860.0,55.24213569855073,54.75919781254791,0.48293788600282284,train
37920.0,55.35666681331318,54.88792316004927,0.468743653263914,train
37980.0,55.47063941902437,55.01615967008857,0.45447974893580323,train
38040.0,55.58405189207272,55.14390255236751,0.44014933970521497,train
38100.0,55.69690265299602,55.27114707522716,0.42575557776886086,train
38160.0,55.80919016588648,55.39788856561124,0.41130160027523743,train
38220.0,55.92091293779661,55.52412240901218,0.3967905287844289,train
38280.0,56.032069518146216,55.6498440493996,0.38222546874661845,train
38340.0,56.14265849813057,55.77504898913181,0.3676095089987612,train
38400.0,56.25267851013002,55.89973278885103,0.35294572127898505,train
38460.0,56.362128227121175,56.023891067362456,0.3382371597587195,train
38520.0,56.471006362089874,56.14751950149703,0.32348686059284404,train
38580.0,56.57931166744604,56.27061382595984,0.3086978414862003,train
38640.0,56.68704293444064,56.39316983316244,0.29387310127820143,train
38700.0,56.794198992584896,56.515183373041374,0.2790156195435216,train
38760.0,56.90077870907186,56.63665035286208,0.26412835620978115,train
38820.0,57.00678098820055,56.75756673700922,0.2492142511913329,train
38880.0,57.11220477080282,56.877928546763435,0.23427622403938386,train
38940.0,57.21704903367294,56.997731860064874,0.21931717360806857,train
39000.0,57.321312789000295,57.11697281126487,0.20433997773542245,train
39060.0,57.42499508380505,57.235647590864374,0.18934749294067643,train
39120.0,57.52809499937714,57.35375244524119,0.17434255413594713,train
39180.0,57.63061165071854,57.47128367636563,0.15932797435291235,train
39240.0,57.732544185989056,57.58823764150492,0.14430654448413804,train
39300.0,57.83389178595566,57.704610752917304,0.12928103303835314,train
39360.0,57.93465366344555,57.82039947753519,0.11425418591036163,train
39420.0,58.03482906280303,57.93560033663934,0.0992287261636875,train
39480.0,58.1344172593502,58.05020990552259,0.08420735382760824,train
39540.0,58.23341755885184,58.1642248131451,0.06919274570674361,train
39600.0,58.331829296984175,58.27764174178008,0.054187555204094906,train
39660.0,58.429651838808,58.3904574266523,0.03919441215570174,train
39720.0,58.526884578246005,58.502668655567085,0.02421592267891981,train
39780.0,58.6235269375645,58.61427226853299,0.009254669031506069,train
39840.0,58.71957836685954,58.725265157375915,0.005686790516378437,train
39900.0,58.8150383435476,58.83564426534751,0.020605921799912608,train
39960.0,58.90990637186087,58.94540658672561,0.03550021486474009,train
40020.0,59.00418198234713,59.05454916640981,0.05036718406267937,train
40080.0,59.0978647313744,59.16306909950964,0.065204368135241,train
40140.0,59.190954200640384,59.27096353092852,0.08000933028813506,train
40200.0,59.28344999668671,59.37822965494134,0.0947796582546303,train
40260.0,59.37535175041808,59.484864714767795,0.1095129643497117,train
40320.0,59.466659116626445,59.59086600214076,0.1242068855143117,train
40380.0,59.55737177352,59.69623085687016,0.1388590833501553,train
40440.0,59.64748942225739,59.800956666403515,0.15346724414612822,train
40500.0,59.73701178648686,59.9050408653821,0.16802907889523766,train
40560.0,59.82593861189064,60.00848093519377,0.18254232330312448,train
40620.0,59.91426966573433,60.111274403523176,0.19700473778884486,train
40680.0,60.00200473642163,60.213418843898424,0.21141410747679146,train
40740.0,60.089143633054114,60.31491187523567,0.22576824218155878,train
40800.0,60.17568618499634,60.41575116138135,0.240064976385014,train
40860.0,60.261632241446165,60.515934410652164,0.25430216920599946,train
40920.0,60.346981671010376,60.61545937537336,0.26847770436298646,train
40980.0,60.431734361285535,60.7143238514158,0.28258949013026324,train
41040.0,60.51589021844419,60.812525677731315,0.2966354592871241,train
41100.0,60.599449166826375,60.910062735887365,0.31061356906099036,train
41160.0,60.68241114853642,61.0069329496008,0.32452180106438533,train
41220.0,60.76477612304509,61.103134284270986,0.3383581612258979,train
41280.0,60.84654406679709,61.19866474651247,0.35212067971538374,train
41340.0,60.92771497282382,61.29352238368834,0.3658074108645195,train
41400.0,61.00828885036156,61.38770528344234,0.37941643308077744,train
41460.0,61.088265724474894,61.48121157323226,0.39294584875736405,train
41520.0,61.167645635685496,61.57403941986369,0.40639378417819216,train
41580.0,61.24642863960622,61.666187029024165,0.4197583894179431,train
41640.0,61.324614806580506,61.757652644818265,0.4330378382377589,train
41700.0,61.40220422132704,61.84843454930388,0.44623032797684203,train
41760.0,61.47919698258971,61.93853106202999,0.45933407944027493,train
41820.0,61.55559320279285,62.02794053957491,0.4723473367820574,train
41880.0,61.63139300770167,62.11666137508718,0.4852683673855154,train
41940.0,61.70659653608794,62.204691997827595,0.498095461739652,train
42000.0,61.78120393940091,62.29203087271299,0.5108269333120816,train
42060.0,61.85521538144333,62.37867649986255,0.5234611184192204,train
42120.0,61.92863103805268,62.464627414145895,0.535996376093216,train
42180.0,62.00145109678753,62.5498821847335,0.5484310879459713,train
42240.0,62.07367575661898,62.63443941464976,0.5607636580307798,train
42300.0,62.145305227627205,62.71829774032834,0.5729925127011342,train
42360.0,62.21633973070297,62.80145583117026,0.5851161004672889,train
42420.0,62.28677949725425,62.88391238910512,0.5971328918508689,train
42480.0,62.35662476891779,62.96566614815459,0.6090413792367997,train
42540.0,62.42587579727558,63.04671587399951,0.6208400767239297,train
42600.0,62.49453284357628,63.12706036354978,0.6325275199735003,train
42660.0,62.56259617846152,63.20669844451739,0.6441022660558744,train
42720.0,62.63006608169701,63.2856289749931,0.6555628932960929,train
42780.0,62.69694284190848,63.36385084302608,0.6669080011175978,train
42840.0,62.763226756322325,63.44136296620752,0.6781362098851957,train
42900.0,62.82891813051109,63.51816429125701,0.6892461607459168,train
42960.0,62.89401727814348,63.59425379361334,0.7002365154698609,train
43020.0,62.958524520739125,63.669630477028775,0.71110595628965,train
43080.0,63.02244018742789,63.74429337316655,0.7218531857386594,train
43140.0,63.08576461471376,63.81824154120303,0.7324769264892694,train
43200.0,63.14849814624321,63.89147406743303,0.7429759211898173,train
43260.0,63.21064113257808,63.96399006487953,0.7533489323014493,train
43320.0,63.272193930972826,64.03578867290703,0.763594741934206,train
43380.0,63.333156905156166,64.10686905683914,0.7737121516829788,train
43440.0,63.39353042511707,64.17723040758047,0.7836999824633963,train
43500.0,63.45331486689503,64.2468719412418,0.7935570743467792,train
43560.0,63.51251061237453,64.31579289877051,0.8032822863959836,train
43620.0,63.57111804908374,64.38399254558423,0.8128744965004913,train
43680.0,63.629137569997376,64.45147017120927,0.8223326012118903,train
43740.0,63.68656957334357,64.51822508892316,0.831655515579591,train
43800.0,63.74341446241488,64.58425663540136,0.840842172986477,train
43860.0,63.799672645383225,64.6495641703682,0.8498915249849688,train
43920.0,63.85534453511884,64.71414707625257,0.8588025411337341,train
43980.0,63.91043054901305,64.7780047578469,0.867574208833851,train
44040.0,63.96493110880496,64.84113664197216,0.8762055331671945,train
44100.0,64.01884664041191,64.9035421771452,0.8846955367332896,train
44160.0,64.0721775737637,64.9652208332521,0.8930432594884081,train
44220.0,64.12492434264053,65.0261721012251,0.9012477585845744,train
44280.0,64.17708738451454,65.08639549272381,0.9093081082092738,train
44340.0,64.22866714039503,65.14589053982097,0.9172233994259358,train
44400.0,64.2796640546772,65.20465679469304,0.9249927400158384,train
44460.0,64.33007857499435,65.26269382931413,0.932615254319785,train
44520.0,64.37991115207363,65.32000123515522,0.9400900830815857,train
44580.0,64.42916223959513,65.3765786228872,0.9474163832920652,train
44640.0,64.47783229405432,65.43242562208847,0.9545933280341501,train
44700.0,64.52592177462788,65.48754188095678,0.9616201063289083,train
44760.0,64.57343114304267,65.54192706602531,0.9684959229826404,train
44820.0,64.62036086344804,65.59558086188339,0.9752199984353496,train
44880.0,64.6667114022912,65.64850297090113,0.9817915686099354,train
44940.0,64.71248322819575,65.70069311295843,0.9882098847626821,train
45000.0,64.75767681184327,65.7521510251783,0.9944742133350388,train
45060.0,64.80229262585792,65.80287646166464,1.0005838358067223,train
45120.0,64.84633114469402,65.8528691932434,1.0065380485493733,train
45180.0,64.88979284452657,65.9021290072092,1.0123361626826295,train
45240.0,64.93267820314456,65.95065570707492,1.0179775039303536,train
45300.0,64.97498769984726,65.99844911232623,1.0234614124789658,train
45360.0,65.01672181534312,66.04550905817979,1.0287872428366711,train
45420.0,65.05788103165153,66.09183539534581,1.0339543636942778,train
45480.0,65.09846583200721,66.13742798979467,1.0389621577874664,train
45540.0,65.13847670076723,66.18228672252715,1.0438100217599242,train
45600.0,65.17791412332072,66.2264114893492,1.048497366028485,train
45660.0,65.216778586001,66.26980220065046,1.0530236146494616,train
45720.0,65.2550705760003,66.3124587811867,1.057388205186399,train
45780.0,65.29279058128695,66.3543811698664,1.061590588579449,train
45840.0,65.3299390905249,66.39556931954053,1.0656302290156248,train
45900.0,65.36651659299572,66.4360231967972,1.0695066038014716,train
45960.0,65.40252357852289,66.47574278175937,1.0732192032364765,train
46020.0,65.43796053739833,66.51472806788647,1.0767675304881408,train
46080.0,65.47282796031124,66.55297906178006,1.0801511014688288,train
46140.0,65.50712633827915,66.59049578299269,1.08336944471354,train
46200.0,65.54085616258108,66.62727826384115,1.0864221012600694,train
46260.0,65.57401792469281,66.66332654922253,1.0893086245297212,train
46320.0,65.60661211622428,66.69864069643461,1.0920285802103251,train
46380.0,65.63863922885906,66.73322077499937,1.0945815461403043,train
46440.0,65.67009975429568,66.76706686648994,1.096967112194264,train
46500.0,65.70099418419103,66.80017906436188,1.0991848801708528,train
46560.0,65.73132301010571,66.83255747378648,1.1012344636807683,train
46620.0,65.76108672345114,66.86420221148902,1.1031154880378722,train
46680.0,65.79028581543861,66.89511340558916,1.104827590150549,train
46740.0,65.81892077703006,66.92529119544534,1.1063704184152812,train
46800.0,65.8469920988907,66.95473573150252,1.1077436326118288,train
46860.0,65.87450027134331,66.98344717514267,1.1089469037993638,train
46920.0,65.90144578432427,67.01142569853913,1.1099799142148612,train
46980.0,65.92782912734118,67.03867148451336,1.1108423571721744,train
47040.0,65.9536507894322,67.06518472639573,1.111533936963525,train
47100.0,65.97891125912686,67.09096562788878,1.1120543687619175,train
47160.0,66.00361102440853,67.11601440293411,1.1124033785255847,train
47220.0,66.02775057267833,67.14033127558109,1.1125807029027612,train
47280.0,66.05133039072057,67.16391647986059,1.1125860891400237,train
47340.0,66.07435096466958,67.18677025965944,1.1124192949898628,train
47400.0,66.09681277997805,67.20889286859965,1.112080088621596,train
47460.0,66.11871632138666,67.23028456991926,1.1115682485326062,train
47520.0,66.14006207289508,67.25094563635668,1.1108835634615986,train
47580.0,66.16085051773437,67.27087635003757,1.1100258323031937,train
47640.0,66.18108213834057,67.29007700236465,1.1089948640240834,train
47700.0,66.20075741632957,67.30854789391017,1.1077904775806076,train
47760.0,66.21987683247323,67.32628933431086,1.1064125018376245,train
47820.0,66.23844086667674,67.34330164216613,1.104860775489385,train
47880.0,66.256449997957,67.35958514493791,1.1031351469809039,train
47940.0,66.27390470442234,67.37514017885435,1.1012354744320163,train
48000.0,66.29080546325315,67.38996708881459,1.099161625561436,train
48060.0,66.30715275068377,67.40406622829748,1.096913477613711,train
48120.0,66.3229470419853,67.41743795927175,1.0944909172864499,train
48180.0,66.3381888114495,67.43008265210908,1.09189384065958,train
48240.0,66.3528785323737,67.44200068549938,1.089122153125686,train
48300.0,66.36701667704662,67.45319244636869,1.0861757693220682,train
48360.0,66.38060371673524,67.46365832979888,1.0830546130636378,train
48420.0,66.39364012167248,67.47339873895073,1.0797586172782587,train
48480.0,66.40612636104585,67.48241408498745,1.0762877239416042,train
48540.0,66.41806290298697,67.49070478700294,1.0726418840159653,train
48600.0,66.4294502145619,67.49827127194929,1.068821057387396,train
48660.0,66.44028876176226,67.50511397456944,1.064825212807179,train
48720.0,66.45057900949733,67.51123333732929,1.060654327831955,train
48780.0,66.46032142158668,67.51662981035427,1.0563083887675901,train
48840.0,66.46951646075374,67.52130385136594,1.0517873906122048,train
48900.0,66.47816458862,67.52525592562193,1.0470913370019304,train
48960.0,66.48626626569998,67.52848650585767,1.0422202401576897,train
49020.0,66.49382195139684,67.53099607222951,1.037174120832674,train
49080.0,66.5008321039987,67.53278511226041,1.0319530082617092,train
49140.0,66.50729718067558,67.53385412078734,1.0265569401117602,train
49200.0,66.51321763747694,67.5342035999105,1.0209859624335564,train
49260.0,66.51859392932991,67.53383405894425,1.015240129614341,train
49320.0,66.523426510038,67.53274601437062,1.0093195043326233,train
49380.0,66.52771583228045,67.53093998979304,1.0032241575125909,train
49440.0,66.5314623476121,67.52841651589402,0.996954168281917,train
49500.0,66.53466650646382,67.52517613039232,0.990509623928503,train
49560.0,66.53732875814333,67.52121937800361,0.9838906198602757,train
49620.0,66.5394495508367,67.5165468104019,0.9770972595652125,train
49680.0,66.54102933161015,67.51115898618258,0.9701296545724318,train
49740.0,66.54206854641247,67.50505647082777,0.9629879244153017,train
49800.0,66.54256764007768,67.4982398366724,0.955672196594719,train
49860.0,66.54252705632831,67.49070966287265,0.9481826065443357,train
49920.0,66.54194723777896,67.48246653537535,0.9405192975963956,train
49980.0,66.54082862594029,67.47351104688944,0.9326824209491491,train
50040.0,66.5391716612234,67.46384379685821,0.9246721356348075,train
50100.0,66.53697678294455,67.45346539143398,0.9164886084894306,train
50160.0,66.53424442933019,67.44237644345326,0.9081320141230691,train
50220.0,66.53097503752238,67.43057757241414,0.8996025348917556,train
50280.0,66.52716904358454,67.41806940445473,0.8909003608701909,train
50340.0,66.52282688250736,67.40485257233237,0.8820256898250136,train
50400.0,66.5179489882152,67.39092771540587,0.8729787271906702,train
50460.0,66.51253579357257,67.37629547961723,0.8637596860446592,train
50520.0,66.50658773039102,67.36095651747571,0.8543687870846952,train
50580.0,66.50010522943616,67.34491148804334,0.8448062586071785,train
50640.0,66.493088720435,67.32816105692086,0.8350723364858652,train
50700.0,66.48553863208343,67.31070589623565,0.8251672641522134,train
50760.0,66.47745539205403,67.29254668463082,0.8150912925767955,train
50820.0,66.46883942700389,67.2736841072548,0.804844680250909,train
50880.0,66.4596911625828,67.25411885575349,0.7944276931706895,train
50940.0,66.45001102344153,67.23385162826199,0.7838406048204547,train
51000.0,66.43979943324022,67.21288312939865,0.7730836961584231,train
51060.0,66.42905681465703,67.19121407026019,0.7621572556031566,train
51120.0,66.41778358939685,67.16884516841685,0.7510615790200035,train
51180.0,66.40598017820014,67.14577714791017,0.739796969710028,train
51240.0,66.39364700085196,67.12201073925067,0.7283637383987127,train
51300.0,66.38078447619101,67.09754667941728,0.716762203226267,train
51360.0,66.36739302211888,67.07238571185742,0.7049926897385461,train
51420.0,66.35347305560923,67.04652858648831,0.6930555308790787,train
51480.0,66.33902499271724,67.01997605969947,0.6809510669822316,train
51540.0,66.32404924858899,66.99272889435557,0.6686796457665736,train
51600.0,66.30854623747094,66.96478785980115,0.6562416223302137,train
51660.0,66.29251637271948,66.93615373186573,0.6436373591462541,train
51720.0,66.27596006681053,66.90682729286983,0.6308672260593085,train
51780.0,66.25887773134913,66.8768093316325,0.6179316002833701,train
51840.0,66.24126977707911,66.84610064347875,0.604830866399638,train
51900.0,66.22313661389272,66.8147020302495,0.5915654163567865,train
51960.0,66.20447865084034,66.78261430031041,0.5781356494700702,train
52020.0,66.18529629614014,66.74983826856344,0.5645419724232994,train
52080.0,66.16558995718776,66.71637475645784,0.5507847992700761,train
52140.0,66.14536004056602,66.68222459200335,0.5368645514373327,train
52200.0,66.12460695205448,66.64738860978301,0.5227816577285296,train
52260.0,66.10333109663914,66.61186765096724,0.5085365543281029,train
52320.0,66.08153287852201,66.57566256332932,0.4941296848073051,train
52380.0,66.05921270113066,66.5387742012606,0.4795615001299325,train
52440.0,66.03637096712774,66.50120342578768,0.4648324586599415,train
52500.0,66.01300807842044,66.46295110458922,0.449943026168782,train
52560.0,65.9891244361699,66.42401811201431,0.43489367584440686,train
52620.0,65.96472044080056,66.38440532910151,0.4196848883009494,train
52680.0,65.93979649200944,66.344113643598,0.40431715158857173,train
52740.0,65.9143529887753,66.30314394998054,0.38879096120523116,train
52800.0,65.88839032936788,66.26149714947616,0.37310682010827634,train
52860.0,65.8619089113568,66.219174150084,0.3572652387271944,train
52920.0,65.83490913162066,66.17617586659813,0.3412667349774665,train
52980.0,65.8073913863558,66.13250322063034,0.32511183427453716,train
53040.0,65.7793560710851,66.08815714063424,0.30880106954913344,train
53100.0,65.75080358066668,66.04313856193004,0.2923349812633518,train
53160.0,65.72173430930242,65.99744842672925,0.27571411742682983,train
53220.0,65.6921486505464,65.95108768416114,0.25893903361473747,train
53280.0,65.66204699731328,65.90405729029872,0.24201029298544086,train
53340.0,65.63142974188649,65.85635820818656,0.2249284663000708,train
53400.0,65.60029727592631,65.80799140786789,0.20769413194157949,train
53460.0,65.56864999047785,65.75895786641365,0.190307875935801,train
53520.0,65.5364882759789,65.709258567951,0.1727702919720997,train
53580.0,65.50381252226762,65.65889450369326,0.15508198142563856,train
53640.0,65.47062311859011,65.6078666719703,0.13724355338018768,train
53700.0,65.43692045360783,65.55617607825869,0.11925562465086159,train
53760.0,65.40270491540488,65.50382373521406,0.10111881980917303,train
53820.0,65.36797689149519,65.45081066270217,0.08283377120697821,train
53880.0,65.33273676882945,65.39713788783189,0.06440111900244005,train
53940.0,65.29698493380197,65.34280644498826,0.045821511186289854,train
54000.0,65.26072177225738,65.28781737586634,0.0270956036089558,train
54060.0,65.22394766949716,65.23217172950456,0.008224060007393064,train
54120.0,65.186663010286,65.1758705623206,0.010792447965400243,train
54180.0,65.14886817885798,65.11891493814568,0.02995324071230243,train
54240.0,65.1105635589227,65.06130592826082,0.04925763066188438,train
54300.0,65.0717495336711,65.00304461143308,0.0687049222380125,train
54360.0,65.03242648578116,64.94413207395205,0.08829441182911069,train
54420.0,64.99259479742352,64.88456940966734,0.10802538775618586,train
54480.0,64.95225485026681,64.8243577200266,0.1278971302402141,train
54540.0,64.91140702548286,64.76349811411313,0.14790891136972562,train
54600.0,64.87005170375173,64.70199170868548,0.16805999506624403,train
54660.0,64.82818926526659,64.63983962821582,0.1883496370507629,train
54720.0,64.78582008973837,64.57704300493039,0.20877708480797708,train
54780.0,64.74294455640029,64.51360297884888,0.22934157755140916,train
54840.0,64.69956304401218,64.44952069782588,0.25004234618630505,train
54900.0,64.65567593086463,64.38479731759125,0.27087861327338203,train
54960.0,64.61128359478296,64.31943400179188,0.2918495929910847,train
55020.0,64.56638641313099,64.25343192203388,0.31295449109710205,train
55080.0,64.52098476281465,64.18679225792451,0.3341925048901402,train
55140.0,64.47507902028542,64.11951619711519,0.35556282317023147,train
55200.0,64.42866956154359,64.05160493534484,0.37706462619874515,train
55260.0,64.38175676214122,63.983059676483485,0.3986970856577372,train
55320.0,64.33434099718517,63.91388163257597,0.42045936460919364,train
55380.0,64.28642264133963,63.844072023886966,0.4423506174526608,train
55440.0,64.23800206882875,63.77363207894548,0.4643699898832665,train
55500.0,64.18907965343888,63.702563034590064,0.4865166188488175,train
55560.0,64.13965576852078,63.630866136014866,0.5087896325059162,train
55620.0,64.08973078699154,63.55854263681494,0.5311881501765967,train
55680.0,64.03930508133631,63.48559379903353,0.5537112823027783,train
55740.0,63.98837902360999,63.41202089320806,0.5763581304019283,train
55800.0,63.93695298543855,63.33782519841771,0.5991277870208407,train
55860.0,63.88502733802029,63.263008002330935,0.6220193356893589,train
55920.0,63.83260245212692,63.187570601253,0.6450318508739201,train
55980.0,63.77967869810434,63.111514300174456,0.6681643979298855,train
56040.0,63.72625644587339,63.034840412819726,0.6914160330536632,train
56100.0,63.67233606493032,62.957550261695786,0.714785803234534,train
56160.0,63.61791792434714,62.87964517814159,0.7382727462055527,train
56220.0,63.56300239277175,62.80112650237747,0.761875890394279,train
56280.0,63.50758983842791,62.72199558355518,0.7855942548727342,train
56340.0,63.451680629115046,62.642253779808,0.8094268493070444,train
56400.0,63.39527513220786,62.56190245830117,0.8333726739066876,train
56460.0,63.33837371465581,62.48094299528275,0.8574307193730561,train
56520.0,63.280976742982325,62.399376776134915,0.8815999668474106,train
56580.0,63.22308458328399,62.317205195425295,0.9058793878586968,train
56640.0,63.16469760122943,62.23442965695831,0.9302679442711153,train
56700.0,63.1058161620581,62.151051573827786,0.9547645882303115,train
56760.0,63.0464406305789,62.067072368468644,0.9793682621102562,train
56820.0,62.986571371168615,61.982493472709834,1.0040778984587817,train
56880.0,62.9262087477702,61.897316327827006,1.0288924199431904,train
56940.0,62.86535312389089,61.81154238459547,1.0538107392954217,train
57000.0,62.80400486260021,61.72517310334362,1.0788317592565875,train
57060.0,62.74216432652773,61.63820995400662,1.103954372521109,train
57120.0,62.67983187786077,61.55065441617988,1.1291774616808894,train
57180.0,62.61700787834189,61.46250797917346,1.154499899168428,train
57240.0,62.55369268926624,61.37377214206618,1.1799205472000622,train
57300.0,62.489886671478814,61.28444841376022,1.2054382577185976,train
57360.0,62.42559018537148,61.194538313035466,1.2310518723360175,train
57420.0,62.360803590879925,61.10404336860502,1.256760222274906,train
57480.0,62.295527247480464,61.01296511917001,1.2825621283104525,train
57540.0,62.22976151418669,60.92130511347495,1.3084564007117407,train
57600.0,62.16350674954597,60.82906491036312,1.334441839182844,train
57660.0,62.09676331163589,60.73624607883278,1.3605172328031117,train
57720.0,62.029531558060505,60.64285019809234,1.3866813599681649,train
57780.0,61.96181184594648,60.548878857616984,1.4129329883294943,train
57840.0,61.89360453193912,60.45433365720481,1.439270874734305,train
57900.0,61.82490997219829,60.35921620703289,1.4656937651654047,train
57960.0,61.75572852239419,60.263528127714,1.4922003946801965,train
58020.0,61.68606053770309,60.16727105035359,1.5187894873495011,train
58080.0,61.61590637280285,60.07044661660603,1.54545975619682,train
58140.0,61.54526638186845,59.97305647873186,1.5722099031365886,train
58200.0,61.47414091856732,59.87510229965492,1.5990386189124024,train
58260.0,61.40253033605468,59.776585753019255,1.6259445830354267,train
58320.0,61.33043498696868,59.67750852324663,1.6529264637220535,train
58380.0,61.25785522342555,59.577872305593594,1.679982917831957,train
58440.0,61.184791397014585,59.47767880620934,1.7071125908052451,train
58500.0,61.1112438587931,59.376929742193,1.7343141166001033,train
58560.0,61.037212959281305,59.275626841651,1.7615861176303085,train
58620.0,60.96269904845709,59.17377184375544,1.7889272047016505,train
58680.0,60.88770247575077,59.07136649880103,1.8163359769497447,train
58740.0,60.812223590039714,58.96841256826323,1.8438110217764816,train
58800.0,60.736262739643024,58.864911824856215,1.8713509147868095,train
58860.0,60.65982027231601,58.76086605259031,1.8989542197257023,train
58920.0,60.58289653524476,58.65627704683029,1.9266194884144667,train
58980.0,60.50549187504056,58.55114661435271,1.9543452606878517,train
59040.0,60.42760663773439,58.44547657340442,1.9821300643299722,train
59100.0,60.349241168771215,58.33926875375978,2.0099724150114326,train
59160.0,60.270395813004455,58.23252499677895,2.0378708162255066,train
59220.0,60.19107091469026,58.12524715546563,2.065823759224628,train
59280.0,60.11126681748184,58.017437094524624,2.093829722957217,train
59340.0,60.03098386442382,57.90909669041967,2.1218871740041436,train
59400.0,59.95022239794648,57.80022783143145,2.1499945665150335,train
59460.0,59.86898275986011,57.69083241771456,2.1781503421455497,train
59520.0,59.7872652913493,57.580912361355814,2.2063529299934856,train
59580.0,59.705070332967246,57.47046958643084,2.234600746536408,train
59640.0,59.62239822463009,57.35950602906236,2.26289219556773,train
59700.0,59.53924930561128,57.24802363747662,2.2912256681346577,train
59760.0,59.455623914535934,57.136024372061144,2.3195995424747906,train
59820.0,59.37152238937527,57.02351020542125,2.348012183954019,train
59880.0,59.28694506744105,56.910483122437256,2.376461945003797,train
59940.0,59.20189228538009,56.79694512032119,2.4049471650589,train
60000.0,59.1163643791688,56.68289820867304,2.4334661704957625,train
60060.0,59.0303616841078,56.56834440953776,2.4620172745700444,train
60120.0,58.94388453481661,56.453285757460584,2.490598777356027,train
60180.0,58.85693326522836,56.337724299544114,2.51920896568425,train
60240.0,58.76950820858467,56.221662095503156,2.547846113081512,train
60300.0,58.68160969743053,56.10510121772107,2.57650847970946,train
60360.0,58.59323806360929,55.988043751304794,2.605194312304498,train
60420.0,58.50439363825783,55.87049179413983,2.633901844118,train
60480.0,58.415076751801706,55.75244745694582,2.6626292948558827,val
60540.0,58.325287733950496,55.63391286333037,2.6913748706201233,val
60600.0,58.23502691369326,55.51489014984402,2.72013676384924,val
60660.0,58.14429461929412,55.39538146603403,2.748913153260091,val
60720.0,58.05309117828794,55.27538897449841,2.7777022037895307,val
60780.0,57.96141691747624,55.15491485093923,2.806502066537014,val
60840.0,57.86927216292313,55.03396128421591,2.8353108787072188,val
60900.0,57.77665723995156,54.91253047639799,2.864126763553571,val
60960.0,57.68357247313959,54.79062464281796,2.8929478303216314,val
61020.0,57.59001818631696,54.668246012122864,2.9217721741940963,val
61080.0,57.49599470256171,54.54539682632696,2.9505978762347524,val
61140.0,57.40150234419716,54.42207934086226,2.979423003334901,val
61200.0,57.306541432788926,54.2982958246303,3.0082456081586244,val
61260.0,57.21111228914226,54.17404856005254,3.0370637290897164,val
61320.0,57.11521523329955,54.049339843120535,3.0658753901790163,val
61380.0,57.01885058453805,53.92417198344614,3.094678601091907,val
61440.0,56.92201866136788,53.79854730431075,3.1234713570571273,val
61500.0,56.82471978153022,53.672468142714315,3.1522516388159048,val
61560.0,56.72695426199581,53.54593684942386,3.181017412571947,val
61620.0,56.62872241896368,53.418955789021844,3.2097666299418393,val
61680.0,56.53002456786011,53.29152733995361,3.2384972279064996,val
61740.0,56.430861023338,53.16365389457443,3.267207128763566,val
61800.0,56.33123209927636,53.03533785919689,3.2958942400794697,val
61860.0,56.23113810878026,52.90658165413616,3.324556454644096,val
61920.0,56.13057936418095,52.77738771375624,3.353191650424712,val
61980.0,56.0295561770364,52.64775848651546,3.3817976905209406,val
62040.0,55.928068858132136,52.51769643501033,3.4103724231218067,val
62100.0,55.826117717482376,52.38720403602059,3.438913681461784,val
62160.0,55.72370306433157,52.2562837805522,3.467419283779371,val
62220.0,55.62082520715629,52.124938173880835,3.4958870332754515,val
62280.0,55.51748445366742,51.99316973559432,3.5243147180731,val
62340.0,55.41368111081286,51.860980999634386,3.552700111178474,val
62400.0,55.30941548478047,51.72837451433872,3.581040970441755,val
62460.0,55.204687881001526,51.59535284248122,3.6093350385203067,val
62520.0,55.09949860415452,51.4619185613126,3.6375800428419183,val
62580.0,54.99384795816941,51.328074262600346,3.665773695569065,val
62640.0,54.88773624623232,51.193822552667434,3.6939136935648875,val
62700.0,54.78116377079065,51.05916605243136,3.7219977183592903,val
62760.0,54.67413083355864,50.92410739744196,3.7500234361166846,val
62820.0,54.566637735523415,50.78864923791895,3.7779884976044613,val
62880.0,54.45868477695156,50.65279423878863,3.8058905381629273,val
62940.0,54.35027225739604,50.51654507972052,3.83372717767552,val
63000.0,54.24140047570378,50.37990445516289,3.8614960205408906,val
63060.0,54.132069730023694,50.24287507437779,3.889194655645902,val
63120.0,54.02228031781517,50.10545966147578,3.9168206563393895,val
63180.0,53.91203253585722,49.967660955450036,3.9443715804071857,val
63240.0,53.80132668025807,49.8294817102097,3.971844970048373,val
63300.0,53.69016304646537,49.69092469461277,3.999238351852604,val
63360.0,53.57854192927699,49.55199269249857,4.026549236778415,val
63420.0,53.46646362285232,49.41268850271945,4.053775120132869,val
63480.0,53.35392842072428,49.27301493917228,4.0809134815520025,val
63540.0,53.24093661581183,49.132974830829085,4.1079617849827486,val
63600.0,53.12748850043319,48.9925710217676,4.134917478665585,val
63660.0,53.01358436631966,48.85180637120069,4.161777995118975,val
63720.0,52.89922450463012,48.71068375350614,4.1885407511239805,val
63780.0,52.784409205966114,48.569206058255425,4.215203147710689,val
63840.0,52.66913876038774,48.42737619024215,4.241762570145589,val
63900.0,52.553413457430096,48.28519706951019,4.268216387919907,val
63960.0,52.43723358612056,48.14267163138175,4.2945619547388105,val
64020.0,52.32059943499667,47.99980282648414,4.320796608512531,val
64080.0,52.20351129212487,47.8565936207773,4.346917671347569,val
64140.0,52.08596944511982,47.7130469955807,4.372922449539125,val
64200.0,51.96797418116471,47.56916594759957,4.398808233565141,val
64260.0,51.849525787032135,47.42495348895138,4.424572298080754,val
64320.0,51.73062454910588,47.28041264719217,4.450211901913711,val
64380.0,51.61127075340348,47.13554646534243,4.475724288061052,val
64440.0,51.49146468559965,46.99035800191333,4.501106683686324,val
64500.0,51.37120663105047,46.84485033093239,4.526356300118081,val
64560.0,51.250496874818495,46.69902654196978,4.551470332848716,val
64620.0,51.12933570169873,46.55288974016434,4.5764459615343895,val
64680.0,51.007723396245474,46.40644304624971,4.601280349995761,val
64740.0,50.885660242800085,46.25968959658113,4.625970646218953,val
64800.0,50.76314652551968,46.11263254316196,4.650513982357722,val
64860.0,50.64018252840674,45.96527505367083,4.67490747473591,val
64920.0,50.516768535339736,45.8176203114895,4.699148223850237,val
64980.0,50.39290483010466,45.66967151573079,4.723233314373871,val
65040.0,50.26859169642764,45.521431881267546,4.747159815160096,val
65100.0,50.14382941800849,45.372904638761895,4.770924779246592,val
65160.0,50.018618278555344,45.22409303469589,4.794525243859454,val
65220.0,49.89295856182036,45.07500033140282,4.817958230417538,val
65280.0,49.76685055163645,44.92562980709935,4.841220744537104,val
65340.0,49.64029453195516,44.77598475591931,4.864309776035853,val
65400.0,49.51329078688566,44.626068487948444,4.887222298937218,val
65460.0,49.38583960073483,44.47588432926088,4.9099552714739545,val
65520.0,49.25794125804861,44.32543562195726,4.932505636091349,val
65580.0,49.129596043654416,44.17472572420439,4.954870319450023,val
65640.0,49.00080424270492,44.02375801027687,4.9770462324280516,val
65700.0,48.87156614072293,43.872535870601006,4.999030270121928,val
65760.0,48.741882023647634,43.72106271180138,5.020819311846253,val
65820.0,48.61175217788206,43.569341956749106,5.042410221132954,val
65880.0,48.48117689034196,43.41737704461339,5.063799845728575,val
65940.0,48.35015644850593,43.26517143091655,5.084985017589375,val
66000.0,48.218691140467,43.11272858759078,5.105962552876221,val
66060.0,48.08678125498562,42.960052003040175,5.1267292519454415,val
66120.0,47.95442708154401,42.80714518220513,5.1472818993388785,val
66180.0,47.821628910402126,42.65401164663153,5.167617263770595,val
66240.0,47.68838703265503,42.50065493454405,5.187732098110978,val
66300.0,47.55470174029187,42.34707860092426,5.207623139367605,val
66360.0,47.4205733262564,42.193286217593595,5.227287108662807,val
66420.0,47.2860020845092,42.03928137330185,5.246720711207352,val
66480.0,47.15098831009149,41.88506767382167,5.2659206362698185,val
66540.0,47.01553229919073,41.73064874204883,5.284883557141903,val
66600.0,46.87963434920792,41.576028218109485,5.303606131098434,val
66660.0,46.74329475882676,41.421209759474706,5.32208499935205,val
66720.0,46.60651382808463,41.26619704108233,5.340316787002301,val
66780.0,46.46929185844555,41.11099375546737,5.358298102978182,val
66840.0,46.331629152875024,40.955603612900724,5.3760255399743,val
66900.0,46.19352601591698,40.80003034153769,5.393495674379288,val
66960.0,46.054982753772784,40.64427768757663,5.410705066196151,val
67020.0,45.91599967438241,40.48834941542747,5.427650258954941,val
67080.0,45.77657708750787,40.33224930789309,5.444327779614774,val
67140.0,45.63671530481889,40.17598116636154,5.4607341384573544,val
67200.0,45.496414639981055,40.01954881101212,5.476865828968933,val
67260.0,45.35567540874633,39.86295608103578,5.492719327710546,val
67320.0,45.21449792904622,39.70620683486934,5.508291094176876,val
67380.0,45.07288252108753,39.549304950446796,5.523577570640732,val
67440.0,44.93082950745091,39.392254325467086,5.538575181983823,val
67500.0,44.78833921319223,39.2350588776804,5.553280335511829,val
67560.0,44.64541196594696,39.07772254519376,5.567689420753204,val
67620.0,44.50204809603763,38.92024928679754,5.581798809240091,val
67680.0,44.358247936584505,38.762643082314376,5.595604854270128,val
67740.0,44.21401182361963,38.604907932971784,5.6091038906478445,val
67800.0,44.06934009620443,38.44704786180015,5.622292234404277,val
67860.0,43.924233096550914,38.28906691405812,5.635166182492796,val
67920.0,43.77869117014677,38.13096915768736,5.647722012459411,val
67980.0,43.63271466588446,37.9727586837979,5.659955982086558,val
68040.0,43.48630393619454,37.814439607187715,5.671864329006823,val
68100.0,43.33945933718343,37.65601606689716,5.6834432702862685,val
68160.0,43.19218122877581,37.49749222680265,5.69468900197316,val
68220.0,43.04446997486193,37.33887227625085,5.705597698611086,val
68280.0,42.89632594345008,37.180160430736954,5.7161655127131255,val
68340.0,42.74774950682448,37.021360932630664,5.72638857419382,val
68400.0,42.59874104170894,36.86247805195203,5.736262989756909,val
68460.0,42.451185531393,36.70351608720288,5.747669444190123,val
68520.0,42.30506332929888,36.57900158532148,5.726061743977404,val
68580.0,42.16035522632663,36.45588934219816,5.704465884128467,val
68640.0,42.01704233008146,36.33423889873521,5.682803431346251,val
68700.0,41.875106061011806,36.21402338904451,5.661082671967293,val
68760.0,41.73452814614012,36.095218356681066,5.639309789459055,val
68820.0,41.595290612990944,35.97779980834934,5.617490804641605,val
68880.0,41.4573757836578,35.86174424299381,5.5956315406639945,val
68940.0,41.32076626900647,35.74702863981934,5.573737629187129,val
69000.0,41.1854449630113,35.63363044740615,5.551814515605152,val
69060.0,41.051395037221,35.52152757306741,5.52986746415359,val
69120.0,40.91859993535092,35.41069837246027,5.507901562890652,val
69180.0,40.78704336799841,35.30112163944424,5.4859217285541675,val
69240.0,40.65670930747832,35.192776596181254,5.463932711297069,val
69300.0,40.52758198277557,35.08564288347271,5.441939099302864,val
69360.0,40.399645874611785,34.97970055132702,5.4199453232847645,val
69420.0,40.272885710623285,34.87493004975342,5.397955660869869,val
69480.0,40.14728646064752,34.77131221977618,5.375974240871344,val
69540.0,40.02283333211526,34.668828284664585,5.354005047450677,val
69600.0,39.89951176554592,34.567459841373164,5.332051924172752,val
69660.0,39.777307430143445,34.4671888521879,5.310118577955542,val
69720.0,39.65620621949021,34.36799763657243,5.288208582917775,val
69780.0,39.536194247336525,34.26986886321115,5.266325384125373,val
69840.0,39.41725784348338,34.1727855422429,5.244472301240478,val
69900.0,39.29938354975606,34.07673101768138,5.222652532074676,val
69960.0,39.18255811606637,33.981688960018545,5.200869156047823,val
70020.0,39.06676849656142,33.88764335900473,5.179125137556696,val
70080.0,38.95200184585661,33.79457851660327,5.157423329253334,val
70140.0,38.83824551535089,33.70247904011334,5.135766475237553,val
70200.0,38.72548704962219,33.61132983545926,5.11415721416293,val
70260.0,38.61371418290111,33.521116100639695,5.092598082261418,val
70320.0,38.5029148356209,33.43182331933474,5.07109151628616,val
70380.0,38.39307711104182,33.34343725466584,5.049639856375983,val
70440.0,38.28418929194819,33.25594394310575,5.0282453488424395,val
70500.0,38.17623983741621,33.16932968853354,5.006910148882675,val
70560.0,38.06921737965091,33.08358105643254,4.985636323218365,val
70620.0,37.96311072089049,32.99868486822637,4.964425852664121,val
70680.0,37.85790883037651,32.91462819575046,4.943280634626049,val
70740.0,37.75360084138817,32.83139835585536,4.922202485532807,val
70800.0,37.650176048339326,32.748982905138575,4.90119314320075,val
70860.0,37.54762390393657,32.667369634801695,4.880254269134873,val
70920.0,37.44593401639695,32.58654656562967,4.859387450767279,val
70980.0,37.34509614672396,32.50650194308948,4.838594203634479,val
71040.0,37.24510020604031,32.42722423254463,4.817875973495681,val
71100.0,37.14593625297615,32.34870211458317,4.79723413839298,val
71160.0,37.04759449111148,32.270924480455896,4.776670010655586,val
71220.0,36.95006526647133,32.19388042762238,4.756184838848945,val
71280.0,36.85333906507262,32.11755925540174,4.7357798096708805,val
71340.0,36.75740651052128,32.04195046072582,4.715456049795456,val
71400.0,36.66225836165868,31.96704373399217,4.695214627666509,val
71460.0,36.56788551025596,31.892828955013943,4.675056555242019,val
71520.0,36.474278978755294,31.819296189065028,4.654982789690266,val
71580.0,36.381429918056966,31.746435683017197,4.63499423503977,val
71640.0,36.28932960535111,31.67423786156747,4.615091743783637,val
71700.0,36.19796944199312,31.602693323553442,4.595276118439681,val
71760.0,36.10734095142181,31.531792838353894,4.575548113067917,val
71820.0,36.01743577711905,31.461527342373245,4.5559084347458025,val
71880.0,35.92824568061031,31.391887935607127,4.536357745003183,val
71940.0,35.83976253950481,31.322865878287395,4.516896661217416,val
72000.0,35.75197834557455,31.254452587604504,4.497525757970045,val
72060.0,35.66488520287131,31.186639634505315,4.478245568365995,val
72120.0,35.5784753258807,31.11941874056432,4.459056585316382,val
72180.0,35.49274103771245,31.05278177492673,4.43995926278572,val
72240.0,35.407674768326075,30.986720751321457,4.420954017004618,val
72300.0,35.323269052791204,30.92122782514197,4.402041227649235,val
72360.0,35.23951652958163,30.856295290594193,4.383221238987435,val
72420.0,35.15640993890247,30.791915577908714,4.364494360993756,val
72480.0,35.073942121049626,30.728081250616356,4.34586087043327,val
72540.0,34.99210601480078,30.66478500288537,4.327321011915412,val
72600.0,34.910894655837296,30.602019656919044,4.308874998918252,val
72660.0,34.83030117519626,30.53977816041144,4.290523014784821,val
72720.0,34.75031879775207,30.478053584060618,4.272265213691455,val
72780.0,34.67094084072685,30.416839119137606,4.254101721589244,val
72840.0,34.592160712229045,30.35612807510971,4.236032637119337,val
72900.0,34.513971909819645,30.2959138773168,4.218058032502846,val
72960.0,34.43636801910537,30.23619006469949,4.200177954405884,val
73020.0,34.35934271235822,30.17695028757797,4.18239242478025,val
73080.0,34.28288974716084,30.118188305479332,4.164701441681505,val
73140.0,34.20700296507712,30.059897985014043,4.14710498006308,val
73200.0,34.13167629034751,30.00207329779834,4.129602992549167,val
73260.0,34.05690372860845,29.944708318422816,4.112195410185631,val
73320.0,33.98267936563546,29.887797222465583,4.09488214316988,val
73380.0,33.90899736610933,29.831334284548827,4.077663081560505,val
73440.0,33.83585197240494,29.77531387643802,4.060538095966919,val
73500.0,33.7632375034022,29.719730465182366,4.043507038219836,val
73560.0,33.6911483533187,29.664578611295838,4.026569742022865,val
73620.0,33.61957899056348,29.60985296697776,4.009726023585724,val
73680.0,33.54852395661162,29.5555482743717,3.992975682239919,val
73740.0,33.477977864899074,29.50165936386209,3.9763185010369853,val
73800.0,33.40793539973747,29.448181152407553,3.959754247329915,val
73860.0,33.33839131524826,29.395108641909907,3.943282673338352,val
73920.0,33.26934043431599,29.342436917618485,3.9269035166975073,val
73980.0,33.2007776475602,29.290161146568032,3.9106165009921696,val
74040.0,33.13269791232558,29.238276576050538,3.8944213362750446,val
74100.0,33.06509625169001,29.186778532119057,3.8783177195709513,val
74160.0,32.99796775349008,29.13566241812358,3.8623053353665,val
74220.0,32.93130756936382,29.08492371327801,3.846383856085808,val
74280.0,32.86511091381014,29.03455797125696,3.830552942553183,val
74340.0,32.799373063264774,28.984560818822796,3.8148122444419776,val
74400.0,32.734089355192275,28.934927954480795,3.79916140071148,val
74460.0,32.669255187193855,28.885655147163185,3.78360004003067,val
74520.0,32.604866016130615,28.836738234940157,3.768127781190458,val
74580.0,32.54091735726195,28.788173123758227,3.7527442335037193,val
74640.0,32.47740478339877,28.739955786204487,3.7374489971942815,val
74700.0,32.41432392407128,28.69208226029693,3.7222416637743514,val
74760.0,32.35167046471098,28.64454864829921,3.7071218164117674,val
74820.0,32.289440145846584,28.59735111556075,3.6920890302858353,val
74880.0,32.22762876231368,28.550485889379885,3.6771428729337927,val
74940.0,32.16623216247775,28.503949257890977,3.662282904586771,val
75000.0,32.105246247470326,28.457737568974153,3.647508678496173,val
75060.0,32.04466697043804,28.411847229187384,3.6328197412506533,val
75120.0,31.984490335804225,28.366274702720165,3.618215633084059,val
75180.0,31.924712398543,28.32101651036898,3.6036958881740198,val
75240.0,31.865329263465355,28.276069228533036,3.5892600349323196,val
75300.0,31.80633708451722,28.231429488230738,3.574907596286483,val
75360.0,31.747732064089128,28.187093974135777,3.5606380899533505,val
75420.0,31.689510452337323,28.143059423632895,3.5464510287044284,val
75480.0,31.63166854651609,28.09932262589252,3.5323459206235697,val
75540.0,31.57420269032105,28.05588042096391,3.5183222693571423,val
75600.0,31.517109273243232,28.012729698886524,3.504379574356708,val
75660.0,31.46038472993372,27.969867398819325,3.4905173311143933,val
75720.0,31.404025539578672,27.927290508187067,3.4767350313916054,val
75780.0,31.34802822528448,27.884996061843687,3.4630321634407935,val
75840.0,31.292389353472917,27.842981141252615,3.449408212220302,val
75900.0,31.237105533286076,27.801242873682718,3.435862659603359,val
75960.0,31.18217341600088,27.75977843142064,3.42239498458024,val
76020.0,31.127589694453047,27.718585030998252,3.4090046634547946,val
76080.0,31.07335110247021,27.677659932435574,3.3956911700346346,val
76140.0,31.019454414314215,27.63700043849837,3.382453975815846,val
76200.0,30.965896444132216,27.59660389397024,3.369292550161976,val
76260.0,30.91267404541653,27.556467684939122,3.356206360477408,val
76320.0,30.859784110473072,27.516589238097247,3.3431948723758254,val
76380.0,30.80722356989817,27.476966020055247,3.3302575498429228,val
76440.0,30.75498939206365,27.437595536669125,3.317393855394524,val
76500.0,30.703078582609976,27.39847533238022,3.304603250229757,val
76560.0,30.651488183947407,27.35960298956828,3.2918851943791267,val
76620.0,30.60021527476488,27.32097612791659,3.2792391468482904,val
76680.0,30.5492569695466,27.28259240378943,3.2666645657571713,val
76740.0,30.498610418096128,27.244449509621365,3.2541609084747627,val
76800.0,30.448272805067862,27.206545173318446,3.2417276317494164,val
76860.0,30.39824134950575,27.168877157670494,3.2293641918352556,val
76920.0,30.34851330438912,27.131443259774752,3.217070044614367,val
76980.0,30.29908595618553,27.094241310470395,3.2048446457151343,val
77040.0,30.249956624410423,27.05726917378381,3.1926874506266145,val
77100.0,30.20112266119356,27.020524746384222,3.1805979148093364,val
77160.0,30.152581450852068,26.984005957049707,3.1685754938023614,val
77220.0,30.10433040946998,26.94771076614325,3.1566196433267315,val
77280.0,30.05636698448415,26.911637165098345,3.1447298193858053,val
77340.0,30.00868865427644,26.87578317591464,3.132905478361799,val
77400.0,29.9612929277721,26.84014685066262,3.1211460771094792,val
77460.0,29.914177344044138,26.804726270997815,3.1094510730463227,val
77520.0,29.86733947192369,26.76951954768368,3.09781992424001,val
77580.0,29.820776909616207,26.734524820123767,3.08625208949244,val
77640.0,29.77448728432336,26.69974025590212,3.074747028421239,val
77700.0,29.72846825187062,26.665164050332404,3.063304201538216,test
77760.0,29.68271749634035,26.630794426015214,3.0519230703251345,test
77820.0,29.637232729710345,26.59662963240347,3.0406030973068745,test
77880.0,29.592011691497728,26.56266794537612,3.029343746121608,test
77940.0,29.547052148408092,26.528907666819062,3.0181444815890295,test
78000.0,29.502351893989832,26.49534712421405,3.007004769775783,test
78060.0,29.457908748293487,26.461984670235292,2.995924078058195,test
78120.0,29.413720557536173,26.428818682352734,2.9849018751834393,test
78180.0,29.36978519377083,26.395847562443183,2.9739376313276473,test
78240.0,29.326100554560337,26.36306973640797,2.963030818152369,test
78300.0,29.28266456265636,26.33048365379786,2.9521809088585016,test
78360.0,29.23947516568283,26.29808778744439,2.9413873782384385,test
78420.0,29.19653033582405,26.26588063309808,2.930649702725969,test
78480.0,29.15382806951727,26.233860709072903,2.9199673604443674,test
78540.0,29.111366387149676,26.2020265558972,2.9093398312524776,test
78600.0,29.06914333275976,26.170376735970873,2.8987665967888887,test
78660.0,29.027156973742976,26.138909833228524,2.8882471405144514,test
78720.0,28.985405400561564,26.107624452808565,2.877780947752999,test
78780.0,28.94388672645854,26.076519220728354,2.8673675057301864,test
78840.0,28.90259908717575,26.045592783564825,2.857006303610927,test
78900.0,28.86154064067593,26.014843808140903,2.8466968325350273,test
78960.0,28.82070956686867,25.984270981217264,2.836438585651404,test
79020.0,28.780104067340297,25.95387300918963,2.826231058150668,test
79080.0,28.739722365087527,25.92364861779127,2.816073747296258,test
79140.0,28.69956270425487,25.893596551800563,2.8059661524543067,test
79200.0,28.65962334987572,25.863715574753986,2.7959077751217336,test
79260.0,28.619902587617062,25.83400446866361,2.785898118953451,test
79320.0,28.580398723527765,25.80446203373976,2.7759366897880042,test
79380.0,28.54111008379031,25.77508708811835,2.7660229956719604,test
79440.0,28.50203501447607,25.74587846759303,2.756156546883041,test
79500.0,28.463171881303893,25.71683502535168,2.7463368559522117,test
79560.0,28.42451906940206,25.687955631717518,2.7365634376845414,test
79620.0,28.38607498307352,25.659239173894747,2.726835809178773,test
79680.0,28.34783804556436,25.63068455571826,2.7171534898460976,test
79740.0,28.30980669883543,25.602290697407735,2.7075160014276953,test
79800.0,28.27197940333713,25.57405653532587,2.6979228680112612,test
79860.0,28.23435463778726,25.545981021740587,2.688373616046672,test
79920.0,28.196930898951848,25.518063124591443,2.6788677743604055,test
79980.0,28.15970670142906,25.49030182725963,2.6694048741694303,test
80040.0,28.122680577435943,25.462696128342024,2.659984449093919,test
80100.0,28.085851076598104,25.435245041428907,2.650606035169197,test
80160.0,28.049216765742216,25.40794759488551,2.641269170856706,test
80220.0,28.012776228691315,25.380802831636796,2.6319733970545194,test
80280.0,27.97652806606285,25.353809808956367,2.6227182571064844,test
80340.0,27.94047089506945,25.326967598258076,2.6135032968113734,test
80400.0,27.90460334932232,25.30027528489185,2.6043280644304687,test
80460.0,27.86892407863731,25.273731967942147,2.5951921106951623,test
80520.0,27.833431748843516,25.247336760030173,2.5860949888133433,test
80580.0,27.79812504159444,25.22108878711897,2.5770362544754697,test
80640.0,27.763002654181683,25.194987188321818,2.5680154658598653,test
80700.0,27.72806329935103,25.169031115713732,2.5590321836372993,test
80760.0,27.69330570512102,25.143219734145738,2.5500859709752817,test
80820.0,27.658728614603863,25.117552221062567,2.5411763935412957,test
80880.0,27.624330785828743,25.09202776632259,2.532303019506152,test
80940.0,27.59011099156737,25.06664557202128,2.523465419546092,test
81000.0,27.556068019161884,25.041404852316948,2.5146631668449366,test
81060.0,27.522200670354938,25.0163048332595,2.505895837095437,test
81120.0,27.48850776112202,24.991344752621725,2.4971630085002943,test
81180.0,27.45498812150593,24.966523859733332,2.4884642617725987,test
81240.0,27.421640595453425,24.941841415317374,2.4797991801360517,test
81300.0,27.388464040653904,24.91729669132935,2.4711673493245527,test
81360.0,27.355457328380247,24.89288897079886,2.462568357581386,test
81420.0,27.322619343331635,24.868617547673377,2.4540017956582574,test
81480.0,27.28994898347841,24.844481726664714,2.4454672568136964,test
81540.0,27.2574451599089,24.820480823097636,2.436964336811265,test
81600.0,27.2251067966782,24.796614162760864,2.4284926339173367,test
81660.0,27.19293283065887,24.772881081760254,2.420051748898615,test
81720.0,27.160922211393512,24.74928092637412,2.4116412850193925,test
81780.0,27.12907390094924,24.725813052911025,2.403260848038215,test
81840.0,27.09738687377393,24.70247682756911,2.3949100462048207,test
81900.0,27.06586011655434,24.679271626298128,2.3865884902562122,test
81960.0,27.03449262807593,24.656196834663003,2.378295793412928,test
82020.0,27.003283419084525,24.633251847709772,2.370031571374753,test
82080.0,26.972231512149595,24.61043606983321,2.361795442316385,test
82140.0,26.94133594152933,24.58774891464642,2.353587026882913,test
82200.0,26.91059575303735,24.565189804852402,2.345405948184947,test
82260.0,26.880010003911003,24.54275817211751,2.3372518317934947,test
82320.0,26.84957776268141,24.520453456946353,2.329124305735057,test
82380.0,26.81929810904499,24.498275108559046,2.321023000485944,test
82440.0,26.78917013373662,24.476222584769598,2.3129475489670206,test
82500.0,26.75919293840433,24.45429535186649,2.3048975865378374,test
82560.0,26.72936563548553,24.432492884494536,2.2968727509909925,test
82620.0,26.699687348084723,24.410814665538805,2.288872682545918,test
82680.0,26.67015720985272,24.389260186009675,2.280897023843046,test
82740.0,26.640774364867312,24.367828944929855,2.2729454199374572,test
82800.0,26.61153796751535,24.346520449222755,2.265017518292595,test
82860.0,26.58244718237629,24.325334213602346,2.257112968773942,test
82920.0,26.553501184107088,24.3042697604647,2.2492314236423887,test
82980.0,26.52469915732849,24.283326619780844,2.2413725375476474,test
83040.0,26.496040296512685,24.262504328990897,2.2335359675217887,test
83100.0,26.46752380587225,24.241802432900077,2.225721372972174,test
83160.0,26.439148899250466,24.221220483575504,2.2179284156749617,test
83220.0,26.41091480001286,24.20075804024485,2.2101567597680116,test
83280.0,26.38282074094012,24.180414669195955,2.2024060717441643,test
83340.0,26.354865964122133,24.160189943677945,2.194676020444188,test
83400.0,26.327049720853392,24.140083443803714,2.1869662770496774,test
83460.0,26.29937127152952,24.12009475645316,2.17927651507636,test
83520.0,26.27182988554506,24.1002234751784,2.1716064103666604,test
83580.0,26.24442484119241,24.08046920010956,2.163955641082847,test
83640.0,26.217155425561963,24.06083153786205,2.1563238876999122,test
83700.0,26.19002093444333,24.041310101444918,2.148710832998411,test
83760.0,26.163020672227773,24.021904510170348,2.1411161620574255,test
83820.0,26.136153951811693,24.002614389564318,2.1335395622473747,test
83880.0,26.10942009450124,23.98343937127829,2.1259807232229484,test
83940.0,26.082818429918024,23.964379093001998,2.118439336916026,test
84000.0,26.05634829590583,23.94543319837731,2.1109150975285225,test
84060.0,26.030009038438468,23.92660133691316,2.1034077015253096,test
84120.0,26.00380001152859,23.907883163901428,2.095916847627162,test
84180.0,25.977720577137564,23.8892783403338,2.0884422368037647,test
84240.0,25.951770105086336,23.870786532819686,2.08098357226665,test
84300.0,25.925947972967293,23.852407413505173,2.0735405594621206,test
84360.0,25.900253566057103,23.834140659992695,2.066112906064408,test
84420.0,25.87468627723049,23.81598595526179,2.0587003219687006,test
84480.0,25.84924550687502,23.79794298759081,2.05130251928421,test
84540.0,25.82393066280673,23.780011450479375,2.0439192123273564,test
84600.0,25.79874116018677,23.762191042571885,2.0365501176148832,test
84660.0,25.77367642143889,23.744481467581714,2.029194953857175,test
84720.0,25.74873587616784,23.72688243421644,2.0218534419514,test
84780.0,25.72391896107866,23.709393656103725,2.014525304974935,test
84840.0,25.699225119896838,23.69201485171819,2.007210268178646,test
84900.0,25.67465380328929,23.674745744309,1.9999080589802887,test
84960.0,25.65020446878625,23.65758606182817,1.99261840695808,test
85020.0,25.625876580703917,23.640535536859886,1.9853410438440307,test
85080.0,25.601669610067965,23.623593906550354,1.9780757035176109,test
85140.0,25.57758303453788,23.606760912538483,1.9708221219993973,test
85200.0,25.553616338332017,23.590036300887352,1.9635800374446646,test
85260.0,25.529769012153537,23.573419822016394,1.9563491901371428,test
85320.0,25.50604055311704,23.556911230634245,1.9491293224827935,test
85380.0,25.482430464676,23.540510285672337,1.941920179003663,test
85440.0,25.45893825655095,23.524216750219153,1.9347215063317975,test
85500.0,25.4355634446584,23.508030391455257,1.9275330532031418,test
85560.0,25.412305551040465,23.49195098058886,1.9203545704516038,test
85620.0,25.389164103795267,23.475978292792163,1.9131858110031033,test
85680.0,25.36613863700799,23.460112107138258,1.906026529869731,test
85740.0,25.343228690682665,23.444352206538753,1.898876484143912,test
85800.0,25.320433810674647,23.428698377681926,1.8917354329927214,test
85860.0,25.297753548623756,23.41315041097168,1.8846031376520749,test
85920.0,25.275187461888084,23.397708100466897,1.8774793614211873,test
85980.0,25.25273511347851,23.38237124382148,1.8703638696570302,test
86040.0,25.2303960719938,23.367139642225105,1.8632564297686933,test
86100.0,25.2081699115564,23.35201310034433,1.8561568112120703,test
86160.0,25.18605621174882,23.336991426264465,1.8490647854843552,test
86220.0,25.16405455755072,23.322074431431957,1.841980126118763,test
86280.0,25.142164539276493,23.3072619305973,1.8349026086791937,test
86340.0,25.12038575251358,23.29255374175858,1.8278320107549995,test
