time_s,he_true,he_pred,he_residual
0.0,1.9768982266903556,1.9720638400758617,-0.0048343866144939796
60.0,1.853958918212708,1.8196796332013037,-0.034279285011404426
120.0,1.8496871347858876,1.814894405699306,-0.03479272908658171
180.0,1.8544425180033248,1.8207445727857703,-0.03369794521755454
240.0,1.8596062660146329,1.827119821406086,-0.03248644460854688
300.0,1.864636667884085,1.833381472632027,-0.03125519525205811
360.0,1.869503486420857,1.8394910828428692,-0.030012403577987845
420.0,1.8742085218861269,1.8454481345361273,-0.028760387349999528
480.0,1.8787554568057372,1.8512544682489533,-0.027500988556783845
540.0,1.883147947790236,1.8569120119645959,-0.0262359358256401
600.0,1.887389510853205,1.8624226376668958,-0.024966873186309302
660.0,1.891483521349258,1.8677881544281263,-0.023695366921131722
720.0,1.895433220836493,1.8730103107955074,-0.022422910040985622
780.0,1.8992417239275428,1.8780907973887224,-0.021150926538820336
840.0,1.902912024713044,1.8830312491190853,-0.019880775593958733
900.0,1.906447002758272,1.887833247659728,-0.018613755098544127
960.0,1.9098494287087,1.8924983236429398,-0.01735110506576021
1020.0,1.9131219695356487,1.8970279586792458,-0.01609401085640294
1080.0,1.9162671934474629,1.901423587311001,-0.014843606136461851
1140.0,1.919287574494128,1.9056865987404308,-0.013600975753697231
1200.0,1.922185496884073,1.9098183386849996,-0.012367158199073414
1260.0,1.9249632590385304,1.9138201109235524,-0.011143148114977963
1320.0,1.9276230774012115,1.917693178897025,-0.009929898504186463
1380.0,1.930167090018236,1.9214387671854638,-0.00872832283277214
1440.0,1.9325973599101456,1.9250580629086471,-0.007539297001498468
1500.0,1.93491587824457,1.9285522170066542,-0.006363661237915652
1560.0,1.937124567327039,1.9319223455713654,-0.005202221755673531
1620.0,1.9392252834222288,1.9351695309342176,-0.004055752488011155
1680.0,1.9412198194102812,1.9382948231541377,-0.0029249962561435083
1740.0,1.9431099073054965,1.9412992406178091,-0.0018106666876873678
1800.0,1.9448972206238555,1.9441837715021393,-0.0007134491217162253
1860.0,1.9465833766282343,1.9469493746692024,0.0003659980409680408
1920.0,1.9481699384504017,1.9495969805175264,0.0014270420671247397
1980.0,1.949658417097421,1.9521274920152791,0.002469074917858194
2040.0,1.9510502733509956,1.9545417856170388,0.003491512266043273
2100.0,1.952346919567411,1.9568407121114433,0.00449379254403226
2160.0,1.953549721385302,1.959025097257836,0.005475375872534105
2220.0,1.95465999933732,1.9610957428631082,0.00643574352578824
2280.0,1.9556790303861225,1.9630534273310332,0.0073743969449107105
2340.0,1.9566080493776323,1.964898906462622,0.008290857084989778
2400.0,1.957448250419052,1.9666329142091854,0.009184663790133385
2460.0,1.9582007881909824,1.9682561632071156,0.010055375016133183
2520.0,1.958866779187176,1.9697693456218985,0.010902566434722427
2580.0,1.9594473028977435,1.9711731336501543,0.011725830752410848
2640.0,1.9599434029296732,1.972468180130818,0.012524777201144754
2700.0,1.9603560880714312,1.9736551191963372,0.013299031124905936
2760.0,1.960686333305116,1.9747345668438356,0.014048233538719535
2820.0,1.9609350807687729,1.9757071213934978,0.014772040624724925
2880.0,1.9611032406689357,1.9765733641324914,0.015470123463555696
2940.0,1.9611916921492911,1.977333859747887,0.01614216759859577
3000.0,1.961201284115006,1.977989156912372,0.016787872797366044
3060.0,1.9611328360173872,1.9785397886334977,0.01740695261611047
3120.0,1.9609871385954405,1.9789862729303422,0.017999134334901745
3180.0,1.960764954587303,1.9793291129972204,0.01856415840991743
3240.0,1.9604670193958549,1.9795687979240029,0.019101778528147983
3300.0,1.960094041729084,1.9797058029726031,0.019611761243519155
3360.0,1.9596467042022183,1.9797405900608283,0.02009388585860994
3420.0,1.9591256639118797,1.9796736080315895,0.020547944119709838
3480.0,1.958531552977357,1.9795052932022372,0.02097374022488019
3540.0,1.9578649790548004,1.9792360696628748,0.021371090608074406
3600.0,1.957126525822264,1.9788663496728987,0.021739823850634554
3660.0,1.9563167534407664,1.9783965339156566,0.02207978047489023
3720.0,1.9554361989853304,1.977827012022317,0.022390813036986534
3780.0,1.9544853768556825,1.9771581627319392,0.022672785876256762
3840.0,1.953464779159368,1.9763903542880144,0.022925575128646347
3900.0,1.9523748760734696,1.9755239448059,0.0231490687324305
3960.0,1.9512161161846613,1.9745592824074265,0.02334316622276522
4020.0,1.9499889268032828,1.9734967057520407,0.023507778948757885
4080.0,1.9486937142623657,1.9723365441168426,0.023642829854476854
4140.0,1.947330864191336,1.9710791177167266,0.02374825352539056
4200.0,1.9459007417692176,1.96972473810456,0.02382399633534238
4260.0,1.944403691963267,1.9682737082694075,0.023870016306140496
4320.0,1.9428400397426056,1.9667263229166565,0.02388628317405095
4380.0,1.941210090276375,1.9650828687445028,0.023872778468127853
4440.0,1.9395141291115716,1.9633436246695055,0.0238294955579339
4500.0,1.9377524223331657,1.9615088620812458,0.02375643974808006
4560.0,1.9359252167075929,1.9595788450169493,0.023653628309356467
4620.0,1.934032739807273,1.9575538302597124,0.02352109045243944
4680.0,1.9320752001159671,1.9554340678041626,0.023358867688195506
4740.0,1.9300527871199888,1.9532198007800616,0.02316701366007279
4800.0,1.9279656713800024,1.950911265794275,0.022945594414272685
4860.0,1.9258140045848169,1.9485086930981197,0.022694688513302808
4920.0,1.9235979195919228,1.946012306594639,0.02241438700271625
4980.0,1.9213175304452004,1.9434223241951258,0.022104793749925467
5040.0,1.9189729323787863,1.940738957891881,0.0217660255130947
5100.0,1.9165642018045208,1.9379624138528015,0.02139821204828074
5160.0,1.914091396277948,1.9350928926942288,0.021001496416280796
5220.0,1.9115545544525687,1.9321305893208773,0.020576034868308613
5280.0,1.908953696008755,1.929075693435152,0.020121997426397087
5340.0,1.906288821572109,1.9259283893152315,0.019639567743122477
5400.0,1.9035599126093563,1.9226888560478983,0.01912894343854199
5460.0,1.900766931304828,1.9193572676886106,0.01859033638378249
5520.0,1.897909820422892,1.9159337931268965,0.018023972704004576
5580.0,1.8949885031437697,1.912418596482894,0.017430093339124264
5640.0,1.892002882888144,1.9088118367581046,0.016808953869960508
5700.0,1.8889528431125917,1.9051136683083314,0.016160825195739692
5760.0,1.8858382470918305,1.9013242405417259,0.01548599344989543
5820.0,1.8826589376737464,1.8974436982352927,0.014784760561546317
5880.0,1.8794147370170784,1.8934721813093347,0.014057444292256305
5940.0,1.876105446301529,1.8894098250602838,0.013304378758754787
6000.0,1.8727308454200648,1.8852567599515169,0.01252591453145202
6060.0,1.869290692640544,1.8810131117570563,0.011722419116512395
6120.0,1.8657847242467764,1.8766790014942671,0.010894277247490702
6180.0,1.8622126541506232,1.872254545434771,0.010041891284147786
6240.0,1.858574173479784,1.8677398548770725,0.009165681397288461
6300.0,1.8548689501320856,1.863135036368476,0.008266086236390358
6360.0,1.851096628305223,1.858440191455884,0.00734356315066087
6420.0,1.847256827994292,1.8536554165220878,0.006398588527795734
6480.0,1.8433491444527048,1.8487808029240114,0.005431658471306555
6540.0,1.8393731476262511,1.843816436599809,0.004443288973557946
6600.0,1.835328381543754,1.8387623982944206,0.0034340167506665686
6660.0,1.8312143636780405,1.8336187630466156,0.002404399368575172
6720.0,1.8270305842622423,1.8283856001962704,0.001355015934028092
6780.0,1.8227765055669305,1.8230629731697263,0.0002864676027958257
6840.0,1.8184515611330156,1.8176509393269953,-0.0008006218060203629
6900.0,1.814055154960314,1.8121495496288844,-0.001905605331429694
6960.0,1.8095866606449875,1.8065588485351327,-0.0030278121098548105
7020.0,1.8050454204695696,1.8008788735933194,-0.004166546876250177
7080.0,1.8004307444344323,1.7951096553333628,-0.005321089101069543
7140.0,1.7957419092378584,1.7892512166727101,-0.006490692565148226
7200.0,1.79097815718977,1.783303572803561,-0.007674584386208938
7260.0,1.7861386950643845,1.7772667307326628,-0.00887196433172166
7320.0,1.7812226928835997,1.771140688972082,-0.0100820039115177
7380.0,1.776229282628422,1.7649254370153358,-0.011303845613086283
7440.0,1.7711575568746365,1.7586209547116596,-0.012536602162976918
7500.0,1.7660065673405718,1.7522272122405411,-0.013779355100030699
7560.0,1.7607753233556531,1.7457441690785345,-0.015031154277118652
7620.0,1.7554627902290865,1.7391717736845749,-0.016291016544511594
7680.0,1.7500678875217923,1.7325099628033058,-0.017557924718486495
7740.0,1.744589487210732,1.7257586608102429,-0.018830826400489054
7800.0,1.739026411739342,1.7189177790369286,-0.020108632702413365
7860.0,1.733377431946452,1.7119872149014554,-0.021390217044996662
7920.0,1.727641264863294,1.7049668511644995,-0.022674413698794416
7980.0,1.7218165713714115,1.6978565548724873,-0.023960016498924208
8040.0,1.715901953704698,1.6906561769628752,-0.025245776741822823
8100.0,1.7098959527990645,1.6833655503614864,-0.026530402437578093
8160.0,1.7037970454555775,1.675984489647817,-0.02781255580776043
8220.0,1.69760364132426,1.668512789397937,-0.02909085192632288
8280.0,1.691314079677578,1.6609502234387037,-0.030363856238874387
8340.0,1.6849266259735922,1.6532965425776638,-0.03163008339592843
8400.0,1.6784394681682202,1.6455514743502135,-0.03288799381800667
8460.0,1.671850712785476,1.6377147203274944,-0.0341359924579816
8520.0,1.6651583806962589,1.6297859552614682,-0.03537242543479069
8580.0,1.6583604026047416,1.6217648245674354,-0.036595578037306176
8640.0,1.6514546141979145,1.6136509429725265,-0.03780367122538797
8700.0,1.6444387509443903,1.605443891898176,-0.03899485904621436
8760.0,1.6373104424978702,1.5971432176884264,-0.04016722480944379
8820.0,1.630067206683089,1.5887484282720834,-0.04131877841100562
8880.0,1.6227064430068416,1.580258991671144,-0.042447451335697606
8940.0,1.6152254256740064,1.5716743318134831,-0.04355109386052325
9000.0,1.6076212960340484,1.562993826544698,-0.04462746948935026
9060.0,1.5998910544279408,1.5542168033134658,-0.045674251114474984
9120.0,1.5920315513558847,1.5453425360101392,-0.046689015345745544
9180.0,1.584039477910659,1.5363702405993536,-0.04766923731130546
9240.0,1.5759113553927429,1.5272990710891463,-0.04861228430359654
9300.0,1.5676435240290307,1.5181281142467924,-0.04951540978223834
9360.0,1.5592321306906196,1.5088563847402838,-0.05037574595033578
9420.0,1.550673115509433,1.4994828191684064,-0.051190296341026675
9480.0,1.5419621972647148,1.4900062700780836,-0.05195592718663122
9540.0,1.533094857406044,1.480425498672048,-0.05266935873399592
9600.0,1.524066322550196,1.4707391673946404,-0.05332715515555564
9660.0,1.5148715452734325,1.4609458319537225,-0.05392571331970997
9720.0,1.5055051829996875,1.4510439311961818,-0.054461251803505695
9780.0,1.4959615747366977,1.4410317781293998,-0.05492979660729791
9840.0,1.4862347154060251,1.4309075478486193,-0.055327167557405854
9900.0,1.4763182274457287,1.4206692650805053,-0.05564896236522343
9960.0,1.4662053293278856,1.4103147906807862,-0.055890538647099364
10020.0,1.4558888005817774,1.399841805710821,-0.056046994870956324
10080.0,1.4453609428293648,1.3892477944755228,-0.05611314835384196
10140.0,1.434613536280056,1.3785300247782288,-0.05608351150182722
10200.0,1.4236377910141154,1.3676855264384358,-0.05595226457567959
10260.0,1.4124242922860115,1.3567110666554072,-0.055713225630604324
10320.0,1.4009629389290892,1.3456031219138822,-0.05535981701520698
10380.0,1.3892428737715194,1.3343578472577065,-0.054885026513812996
10440.0,1.3772524047794008,1.3229710399828036,-0.054281364796597176
10500.0,1.364978915373478,1.3114380985607568,-0.05354081681272116
10560.0,1.3524087620579477,1.2997539774587494,-0.05265478459919826
10620.0,1.3395271571287837,1.2879131316021812,-0.051614025526602436
10680.0,1.3263180337149456,1.2759094550910959,-0.05040857862384973
10740.0,1.3127638898214733,1.263736209790295,-0.04902768003117819
10800.0,1.2988456072732166,1.2513859413757018,-0.047459665897514824
10860.0,1.2845422404727014,1.2388503805414075,-0.04569185993129388
10920.0,1.269830768624056,1.226120329580226,-0.043710439043829874
10980.0,1.2546858034723154,1.213185523831271,-0.04150027964104441
11040.0,1.2390792424425714,1.2000344708903867,-0.039044771552184665
11100.0,1.222979854292634,1.186654254062887,-0.03632560022974696
11160.0,1.2063527806089214,1.17303029989489,-0.03332248071403132
11220.0,1.1891589314658602,1.1591460889085283,-0.03001284255733183
11280.0,1.1713542466089848,1.1449828073291428,-0.02637143927984198
11340.0,1.0354208039470958,1.0440645708822558,0.008643766935160002
11400.0,1.1328676049269235,1.1150945010213036,-0.017773103905619925
11460.0,1.000929180384148,1.0199305350543,0.01900135467015196
11520.0,1.092311788969266,1.0846150135112111,-0.007696775458054805
11580.0,0.9633237881972744,0.9943308881702251,0.031007099972950702
11640.0,1.0479390829312298,1.0523980659436347,0.004458983012404882
11700.0,0.9219347554911208,0.966958708679158,0.0450239531880372
11760.0,0.9992248622246388,1.0183078822465177,0.019083020021878894
11820.0,0.8760900880313733,0.9375585239577049,0.061468435926331555
11880.0,0.9443834555455572,0.9813894677572534,0.03700601221169619
11940.0,0.8239834313624678,0.9051911742808443,0.08120774291837651
12000.0,0.8813869789089603,0.9407025773216446,0.0593155984126843
12060.0,0.7631933716563196,0.8686822183663025,0.10548884670998293
12120.0,0.8066854528767564,0.8945505788597075,0.08786512598295104
12180.0,0.6893165220198256,0.8258716843647562,0.1365551623449306
12240.0,0.646339128836557,0.801637674561789,0.15529854572523205
12300.0,0.5940202640267807,0.7726977799538872,0.17867751592710657
12360.0,0.5296003901114378,0.7377726117720158,0.20817222166057803
12420.0,0.0,0.6915770477862679,0.6915770477862679
12480.0,0.0,0.6130313741232385,0.6130313741232385
12540.0,0.0,0.287337833440688,0.287337833440688
12600.0,0.0,0.22318185330550477,0.22318185330550477
12660.0,0.0,0.18364920502972382,0.18364920502972382
12720.0,0.0,0.12924331140129652,0.12924331140129652
12780.0,0.0,0.1304472117790283,0.1304472117790283
12840.0,0.0,0.08376582134769706,0.08376582134769706
12900.0,0.0,0.06634426464188437,0.06634426464188437
12960.0,0.0,0.051186381169827655,0.051186381169827655
13020.0,0.0,0.037914231203103554,0.037914231203103554
13080.0,0.0,0.0261909076525626,0.0261909076525626
13140.0,0.0,0.015768788751302054,0.015768788751302054
13200.0,0.0,0.006459375961640035,0.006459375961640035
13260.0,0.0,-0.001884766035800567,-0.001884766035800567
13320.0,0.0,-0.009381565023431904,-0.009381565023431904
13380.0,0.0,-0.016127143424455426,-0.016127143424455426
13440.0,0.0,-0.022201123345439555,-0.022201123345439555
13500.0,0.0,-0.027670376577589195,-0.027670376577589195
13560.0,0.0,-0.032499973620360834,-0.032499973620360834
13620.0,0.0,-0.0368432547456905,-0.0368432547456905
13680.0,0.0,-0.04073611412604805,-0.04073611412604805
13740.0,0.0,-0.04421514626847056,-0.04421514626847056
13800.0,0.0,-0.04731256658305938,-0.04731256658305938
13860.0,0.0,-0.05005699437606381,-0.05005699437606381
13920.0,0.0,-0.05247401947417529,-0.05247401947417529
13980.0,0.0,-0.054586652397119906,-0.054586652397119906
14040.0,0.0,-0.05641569356703258,-0.05641569356703258
14100.0,0.0,-0.05798004303869675,-0.05798004303869675
14160.0,0.0,-0.05929694785118045,-0.05929694785118045
14220.0,0.0,-0.06038221232302021,-0.06038221232302021
14280.0,0.0,-0.06125038153368223,-0.06125038153368223
14340.0,0.0,-0.06191488509102783,-0.06191488509102783
14400.0,0.0,-0.06238816703626071,-0.06238816703626071
14460.0,0.0,-0.06268179982725997,-0.06268179982725997
14520.0,0.0,-0.06280656989838462,-0.06280656989838462
14580.0,0.0,-0.0627725659905991,-0.0627725659905991
14640.0,0.0,-0.06258924827852752,-0.06258924827852752
14700.0,0.0,-0.06226550802784914,-0.06226550802784914
14760.0,0.0,-0.061809723694750573,-0.061809723694750573
14820.0,0.0,-0.061229808550706366,-0.061229808550706366
14880.0,0.0,-0.060533249265063205,-0.060533249265063205
14940.0,0.0,-0.05972714668860135,-0.05972714668860135
15000.0,0.0,-0.05881824853895523,-0.05881824853895523
15060.0,0.0,-0.05781297674548114,-0.05781297674548114
15120.0,0.0,-0.056717451891017845,-0.056717451891017845
15180.0,0.0,-0.05553752368541609,-0.05553752368541609
15240.0,0.0,-0.05427878264890751,-0.05427878264890751
15300.0,0.0,-0.05294658669845376,-0.05294658669845376
15360.0,0.0,-0.05154607362237584,-0.05154607362237584
15420.0,0.0,-0.05008217808608606,-0.05008217808608606
15480.0,0.0,-0.04855964622947795,-0.04855964622947795
15540.0,0.0,-0.04698304642079165,-0.04698304642079165
15600.0,0.0,-0.045356781514783506,-0.045356781514783506
15660.0,0.0,-0.04368510084350419,-0.04368510084350419
15720.0,0.0,-0.041972107033871,-0.041972107033871
15780.0,0.0,-0.04022176739090355,-0.04022176739090355
15840.0,0.0,-0.038437920151409344,-0.038437920151409344
15900.0,0.0,-0.03662428267671203,-0.03662428267671203
15960.0,0.0,-0.034784456991474144,-0.034784456991474144
16020.0,0.0,-0.03292193653214781,-0.03292193653214781
16080.0,0.0,-0.0310401141159673,-0.0310401141159673
16140.0,0.0,-0.029142283548935666,-0.029142283548935666
16200.0,0.0,-0.027231645612118882,-0.027231645612118882
16260.0,0.0,-0.025311314479040448,-0.025311314479040448
16320.0,0.0,-0.023384319774777396,-0.023384319774777396
16380.0,0.0,-0.021453610508615384,-0.021453610508615384
16440.0,0.0,-0.019522059799783165,-0.019522059799783165
16500.0,0.0,-0.017592467567737913,-0.017592467567737913
16560.0,0.0,-0.015667562885937514,-0.015667562885937514
16620.0,0.0,-0.013750008288297977,-0.013750008288297977
16680.0,0.0,-0.01184240129441605,-0.01184240129441605
16740.0,0.0,-0.009947277562787349,-0.009947277562787349
16800.0,0.0,-0.008067112476055627,-0.008067112476055627
16860.0,0.0,-0.006204323615747853,-0.006204323615747853
16920.0,0.0,-0.004361274387520098,-0.004361274387520098
16980.0,0.0,-0.0025402734445378883,-0.0025402734445378883
17040.0,0.0,-0.0007435760298903915,-0.0007435760298903915
17100.0,0.0,0.0010266107938150526,0.0010266107938150526
17160.0,0.0,0.0027681297151502804,0.0027681297151502804
17220.0,0.0,0.004478869775084604,0.004478869775084604
17280.0,0.0,0.0061567673828903935,0.0061567673828903935
17340.0,0.0,0.007799802617228124,0.007799802617228124
17400.0,0.0,0.009405999167029222,0.009405999167029222
17460.0,0.0,0.010973423184623243,0.010973423184623243
17520.0,0.0,0.01250018159771571,0.01250018159771571
17580.0,0.0,0.013984421776513045,0.013984421776513045
17640.0,0.0,0.015424330217683746,0.015424330217683746
17700.0,0.0,0.016818132706248434,0.016818132706248434
17760.0,0.0,0.018164090436584956,0.018164090436584956
17820.0,0.0,0.019460502776382782,0.019460502776382782
17880.0,0.0,0.020705704935608082,0.020705704935608082
17940.0,0.0,0.02189806664864591,0.02189806664864591
18000.0,0.0,0.023035992765471747,0.023035992765471747
18060.0,0.0,0.02411792084785702,0.02411792084785702
18120.0,0.0,0.02514232267276384,0.02514232267276384
18180.0,0.0,0.026107702696208435,0.026107702696208435
18240.0,0.0,0.027012597084649315,0.027012597084649315
18300.0,0.0,0.02785557345396228,0.02785557345396228
18360.0,0.0,0.028635230543841317,0.028635230543841317
18420.0,0.0,0.029350197179155657,0.029350197179155657
18480.0,0.0,0.029999133155797608,0.029999133155797608
18540.0,0.0,0.030580727419874165,0.030580727419874165
18600.0,0.0,0.03109369786670868,0.03109369786670868
18660.0,0.0,0.0315367917128242,0.0315367917128242
18720.0,0.0,0.03190878439363587,0.03190878439363587
18780.0,0.0,0.032208479497967346,0.032208479497967346
18840.0,0.0,0.032434708155960834,0.032434708155960834
18900.0,0.0,0.03258632866527478,0.03258632866527478
18960.0,0.0,0.03266222685306275,0.03266222685306275
19020.0,0.0,0.03266131563032104,0.03266131563032104
19080.0,0.0,0.03258253349304141,0.03258253349304141
19140.0,0.0,0.03242484538532153,0.03242484538532153
19200.0,0.0,0.03218724225371261,0.03218724225371261
19260.0,0.0,0.03186874103903392,0.03186874103903392
19320.0,0.0,0.031468382987441146,0.031468382987441146
19380.0,0.0,0.030985235767730046,0.030985235767730046
19440.0,0.0,0.03041839117940981,0.03041839117940981
19500.0,0.0,0.029766965340968454,0.029766965340968454
19560.0,0.0,0.029030099626652373,0.029030099626652373
19620.0,0.0,0.028206959088493022,0.028206959088493022
19680.0,0.0,0.027296733024741116,0.027296733024741116
19740.0,0.0,0.026298633930309734,0.026298633930309734
19800.0,0.0,0.025211898577254033,0.025211898577254033
19860.0,0.0,0.02403578716530319,0.02403578716530319
19920.0,0.0,0.02276958211677993,0.02276958211677993
19980.0,0.0,0.021412590433101286,0.021412590433101286
20040.0,0.0,0.019964140044976375,0.019964140044976375
20100.0,0.0,0.018423582751893264,0.018423582751893264
20160.0,0.0,0.01679029321348935,0.01679029321348935
20220.0,0.0,0.015063667003232695,0.015063667003232695
20280.0,0.0,0.013243122802123253,0.013243122802123253
20340.0,0.0,0.011328101152685122,0.011328101152685122
20400.0,0.0,0.00931806368407706,0.00931806368407706
20460.0,0.0,0.007212495046587719,0.007212495046587719
20520.0,0.0,0.005010899906665145,0.005010899906665145
20580.0,0.0,0.0027128055080538616,0.0027128055080538616
20640.0,0.0,0.0003177588605467463,0.0003177588605467463
20700.0,0.0,-0.0021746706297562923,-0.0021746706297562923
20760.0,0.0,-0.004764893253195623,-0.004764893253195623
20820.0,0.0,-0.0074532990365696605,-0.0074532990365696605
20880.0,0.0,-0.010240256517136004,-0.010240256517136004
20940.0,0.0,-0.013126114469741879,-0.013126114469741879
21000.0,0.0,-0.016111200972773077,-0.016111200972773077
21060.0,0.0,-0.019195824471353262,-0.019195824471353262
21120.0,0.0,-0.02238027292969491,-0.02238027292969491
21180.0,0.0,-0.02566481471512816,-0.02566481471512816
21240.0,0.0,-0.029049698479866493,-0.029049698479866493
21300.0,0.0,-0.03253515288088238,-0.03253515288088238
21360.0,0.0,-0.036121388047831715,-0.036121388047831715
21420.0,0.0,-0.03980859359216993,-0.03980859359216993
21480.0,0.0,-0.043596941060968675,-0.043596941060968675
21540.0,0.0,-0.0474865824180597,-0.0474865824180597
21600.0,0.0,-0.05147765104084101,-0.05147765104084101
21660.0,0.0,-0.05585525280002912,-0.05585525280002912
21720.0,0.0,-0.058539327016660536,-0.058539327016660536
21780.0,0.0,-0.059863051974389236,-0.059863051974389236
21840.0,0.0,-0.05977421039915498,-0.05977421039915498
21900.0,0.0,-0.05830921324923111,-0.05830921324923111
21960.0,0.0,-0.05551428993567242,-0.05551428993567242
22020.0,0.0,-0.05145713503316074,-0.05145713503316074
22080.0,0.0,-0.046224106301451684,-0.046224106301451684
22140.0,0.0,-0.03991951418174722,-0.03991951418174722
22200.0,0.0,-0.03266449233797175,-0.03266449233797175
22260.0,0.0,-0.02459581814309786,-0.02459581814309786
22320.0,0.0,-0.015864633664932626,-0.015864633664932626
22380.0,0.0,-0.006635070530137455,-0.006635070530137455
22440.0,0.0,0.0029172209215175826,0.0029172209215175826
22500.0,0.0,0.012606648910150398,0.012606648910150398
22560.0,0.0,0.022239365564018954,0.022239365564018954
22620.0,0.0,0.03161507590084511,0.03161507590084511
22680.0,0.0,0.04052897969359037,0.04052897969359037
22740.0,0.0,0.0487738680867551,0.0487738680867551
22800.0,0.0,0.05614239919668762,0.05614239919668762
22860.0,0.0,0.06242958276925492,0.06242958276925492
22920.0,0.0,0.06743551842191664,0.06743551842191664
22980.0,0.0,0.07095977955577837,0.07095977955577837
23040.0,0.0,0.07284286148933461,0.07284286148933461
23100.0,0.0,0.0729105162772612,0.0729105162772612
23160.0,0.0,0.07101114023316768,0.07101114023316768
23220.0,0.0,0.06143657696338778,0.06143657696338778
23280.0,0.0,0.06075481331572519,0.06075481331572519
23340.0,0.0,0.04609748041184503,0.04609748041184503
23400.0,0.0,0.04178167258214671,0.04178167258214671
23460.0,0.0,0.02916107778219157,0.02916107778219157
23520.0,0.0,0.014416090216400335,0.014416090216400335
23580.0,0.0,-0.0020938013440172654,-0.0020938013440172654
23640.0,0.0,-0.019986059533039224,-0.019986059533039224
23700.0,0.0,-0.03869859693622857,-0.03869859693622857
23760.0,0.0,-0.05741395109362202,-0.05741395109362202
23820.0,0.0,-0.07494036444768426,-0.07494036444768426
23880.0,0.0,-0.08950484569140826,-0.08950484569140826
23940.0,0.0,-0.09835952239700418,-0.09835952239700418
24000.0,0.0,-0.09693590813003539,-0.09693590813003539
24060.0,0.0,-0.076668713511026,-0.076668713511026
24120.0,0.0,-0.017380967816279735,-0.017380967816279735
24180.0,0.0,0.17032853150340088,0.17032853150340088
24240.0,0.9205508148807992,1.1294123834195489,0.2088615685387497
24300.0,1.244259771428525,1.3407454492153192,0.09648567778679418
24360.0,1.4540073330989776,1.4901404567535792,0.03613312365460164
24420.0,1.6185794576748638,1.616232782103907,-0.002346675570956691
24480.0,1.7578393503685266,1.7296661977670738,-0.02817315260145281
24540.0,1.880560535401512,1.8349121136088797,-0.04564842179263229
24600.0,1.9914978472833396,1.934276676394802,-0.05722117088853751
24660.0,2.0935587818761103,2.029105006793543,-0.06445377508256733
24720.0,2.188668732760556,2.120249665378651,-0.06841906738190495
24780.0,2.2781776409186985,2.2082856402921607,-0.06989200062653778
24840.0,2.363073896371272,2.2936208111350425,-0.0694530852362294
24900.0,2.4441064136017485,2.3765574953577016,-0.06754891824404696
24960.0,2.5218587566215915,2.4573288676583616,-0.06452988896322998
25020.0,2.5967964019471745,2.536121518973232,-0.06067488297394252
25080.0,2.6692980894324707,2.613089925962413,-0.05620816347005775
25140.0,2.7396773080921064,2.688365979873197,-0.05131132821890949
25200.0,2.80819742965347,2.7620653833146207,-0.046132046338849264
25260.0,2.8750826188464265,2.8342920018440054,-0.04079061700242104
25320.0,2.9405258583767075,2.9051408479717793,-0.03538501040492825
25380.0,3.004694956155536,2.9747001345531316,-0.029994821602404187
25440.0,3.0677371129282096,3.0430526874333736,-0.02468442549483596
25500.0,3.1297824448963154,3.110276914543647,-0.019505530352668554
25560.0,3.190946736332405,3.176447466968966,-0.014499269363438927
25620.0,3.251333617383501,3.2416356888097653,-0.009697928573735748
25680.0,3.311036307775622,3.3059099223864905,-0.00512638538913146
25740.0,3.3701390292685125,3.369335718161892,-0.0008033111066203524
25800.0,3.428718162856846,3.4319759820282343,0.003257819171388121
25860.0,3.486843207445732,3.4938910847122315,0.007047877266499469
25920.0,3.544577582674556,3.5551389492793533,0.010561366604797229
25980.0,3.6019793082212157,3.6157751275713963,0.013795819350180594
26040.0,3.659101584242635,3.6758528726895747,0.01675128844693985
26100.0,3.7159932918584304,3.73542321106288,0.019429919204449586
26160.0,3.77269942828165,3.7945350173977204,0.02183558911607042
26220.0,3.829261487925868,3.8532350918176235,0.023973603891755513
26280.0,3.8857177983696496,3.911568240109773,0.025850441740123298
26340.0,3.942103818180717,3.9695773563726107,0.027473538191893798
26400.0,3.9984524021767553,4.027303506427415,0.028851104250660065
26460.0,4.054794038620679,4.0847860118919925,0.0299919732713132
26520.0,4.111157062006243,4.142062533432181,0.030905471425938025
26580.0,4.1675678444531545,4.199169152285322,0.03160130783216708
26640.0,4.224050968230798,4.256140449739178,0.03208948150837987
26700.0,4.280629381533719,4.313009583009261,0.03238020147554277
26760.0,4.337324539333015,4.369808358096634,0.03248381876361872
26820.0,4.394156530869139,4.426567298662121,0.032410767792982575
26880.0,4.451144195156842,4.483315710836905,0.032171515680063045
26940.0,4.508305225703289,4.54008174376213,0.031776518058840963
27000.0,4.565656265505361,4.5968924461558345,0.031236180650473067
27060.0,4.623212993269857,4.653773818507034,0.030560825237176736
27120.0,4.680990201705763,4.71075086169003,0.02976065998426769
27180.0,4.739001868641629,4.767847621358669,0.028845752717040263
27240.0,4.797261221654343,4.825087229004566,0.02782600735022367
27300.0,4.8557807968189,4.882491939471947,0.026711142653047304
27360.0,4.914572492135751,4.940083165696706,0.025510673560954267
27420.0,4.97364761613116,4.997881509989384,0.02423389385822361
27480.0,5.033016932085683,5.055906793066242,0.022889860980559007
27540.0,5.092690698297593,5.114178080904821,0.021487382607228156
27600.0,5.15267870474687,5.172713708885567,0.02003500413869741
27660.0,5.21299030649695,5.231531304321834,0.01854099782488383
27720.0,5.273634454134463,5.290647807436471,0.017013353302008483
27780.0,5.334619721518181,5.350079490486678,0.015459768968496768
27840.0,5.3959543310852585,5.409841975702875,0.013887644617616601
27900.0,5.457646176938393,5.469950252267154,0.012304075328760433
27960.0,5.519702845912962,5.530418691825616,0.010715845912654842
28020.0,5.582131636811262,5.59126106378244,0.009129426971178134
28080.0,5.644939577963771,5.652490549233335,0.007550971269563611
28140.0,5.708133443272119,5.714119754738931,0.0059863114668123885
28200.0,5.771719766865314,5.776160725366935,0.004440958501620962
28260.0,5.835704856494989,5.838624957483262,0.002920100988272445
28320.0,5.900094805777648,5.901523410873779,0.0014286050961302976
28380.0,5.964895505388647,5.964866521215299,-2.898417334762371e-05
28440.0,6.030112653295201,6.028664211738942,-0.0014484415562590058
28500.0,6.09575176411354,6.092925904922595,-0.002825859190945579
28560.0,6.161818177665623,6.157660534277966,-0.004157643387657117
28620.0,6.228317066803538,6.222876556079427,-0.005440510724111114
28680.0,6.295253444560718,6.288581960492593,-0.006671484068125011
28740.0,6.36263217069224,6.35478428344868,-0.007847887243560336
28800.0,6.430457957649845,6.421490618089592,-0.008967339560252974
28860.0,6.498735376041575,6.488707626303949,-0.010027749737625768
28920.0,6.5674688596172,6.5564415502376505,-0.011027309379549877
28980.0,6.636662709820109,6.624698224095482,-0.011964485724626606
29040.0,6.706321099937006,6.693483085473417,-0.012838014463588898
29100.0,6.776448078883989,6.7628011874512595,-0.013646891432729902
29160.0,6.847047574650416,6.832657209735771,-0.014390364914644849
29220.0,6.918123397437088,6.903055470989784,-0.015067926447303925
29280.0,6.989679242503541,6.973999940084468,-0.01567930241907245
29340.0,7.06171869275485,7.045494248010073,-0.016224444744777244
29400.0,7.134245221084194,7.11754169946289,-0.016703521621303175
29460.0,7.207262192492884,7.190145284726896,-0.017116907765988287
29520.0,7.280772866002637,7.263307691129739,-0.017465174872898004
29580.0,7.354780396377878,7.337031314593332,-0.017749081784545595
29640.0,7.429287835673398,7.411318271209893,-0.017969564463504284
29700.0,7.504298134619561,7.48617040877798,-0.018127725841581288
29760.0,7.579814143856587,7.561589317760081,-0.018224826096505886
29820.0,7.655838615033261,7.637576342734974,-0.01826227229828703
29880.0,7.732374201777103,7.714132593333488,-0.018241608443614332
29940.0,7.809423460546949,7.791258955170633,-0.018164505376315532
30000.0,7.886988851377948,7.868956100432115,-0.018032750945833342
30060.0,7.965072738526512,7.94722449857727,-0.017848239949241673
30120.0,8.043677391022692,8.026064426438097,-0.017612964584595048
30180.0,8.122804983139527,8.105475978631148,-0.017329004508379597
30240.0,8.202457594781546,8.185459076965344,-0.01699851781620154
30300.0,8.28263721180554,8.266013480650145,-0.01662373115539495
30360.0,8.363345726271655,8.347138795168576,-0.01620693110307947
30420.0,8.444584936636906,8.42883448163775,-0.015750454999155394
30480.0,8.526356547892249,8.511099865569122,-0.015256682323126824
30540.0,8.608662171650078,8.593934145530511,-0.014728026119566806
30600.0,8.69150332618447,8.677336401218781,-0.014166924965689276
30660.0,8.774881436431068,8.761305601561617,-0.013575834869451242
30720.0,8.858797833947937,8.845840612244501,-0.012957221703436161
30780.0,8.943253756843408,8.930940203146747,-0.012313553696660762
30840.0,9.028250349672447,9.016603055402811,-0.011647294269636177
30900.0,9.113788663304865,9.10282776778331,-0.010960895521554548
30960.0,9.199869654770945,9.189612863381626,-0.010256791389318565
31020.0,9.286494187083989,9.276956795427395,-0.009537391656593286
31080.0,9.373663029045494,9.364857953321916,-0.00880507572357736
31140.0,9.461376855031403,9.453314667338418,-0.00806218769298539
31200.0,9.549636244769,9.5423252145265,-0.007311030242499683
31260.0,9.638441683097,9.631887822579301,-0.00655386051769824
31320.0,9.727793559721398,9.722000674832088,-0.005792884889309846
31380.0,9.81769216896026,9.812661913994816,-0.005030254965443959
31440.0,9.908137709484716,9.903869645913801,-0.004268063570915359
31500.0,9.9991302840578,9.995621943173319,-0.0035083408844815978
31560.0,10.090669899268104,10.087916847845918,-0.002753051422185848
31620.0,10.182756465267282,10.180752374621079,-0.002004090646202883
31680.0,10.275389795506763,10.274126513111696,-0.0012632823950671224
31740.0,10.368569606478047,10.368037230073242,-0.0005323764048057456
31800.0,10.462295517457669,10.462482471335534,0.0001869538778649371
31860.0,10.5565670502577,10.557460163312498,0.0008931130547988886
31920.0,10.651383628984608,10.65296821458469,0.0015845856000815672
31980.0,10.746744579804195,10.749004516674177,0.0022599368699811606
32040.0,10.842649130718495,10.845566945128667,0.00291781441017136
32100.0,10.939096411351832,10.942653359987162,0.0035569486353299595
32160.0,11.036085452748711,11.040261606038257,0.004176153289545681
32220.0,11.133615187185782,11.138389513147558,0.004774325961776071
32280.0,11.231684447995557,11.23703489599211,0.005350447996553598
32340.0,11.330291969405703,11.336195553722064,0.005903584316360622
32400.0,11.42943638639369,11.43586926952048,0.0064328831267914666
32460.0,11.529116234558373,11.536053809995792,0.006937575437419241
32520.0,11.629329950006598,11.636746924108593,0.007416974101994711
32580.0,11.730075869259332,11.737946342193027,0.007870472933694472
32640.0,11.83135222917593,11.83964977486903,0.008297545693100261
32700.0,11.933157166897034,11.941854911692644,0.008697744795609808
32760.0,12.035488719805684,12.044559419340658,0.009070699534973414
32820.0,12.138344825512815,12.147760940548324,0.0094161150355081
32880.0,12.241723321858286,12.251457091926568,0.0097337700682818
32940.0,12.34562194693759,12.355645462550456,0.010023515612866518
33000.0,12.450038339146063,12.4603236115654,0.010285272419336522
33060.0,12.55497003724967,12.5654890666774,0.010519029427729976
33120.0,12.66041448047413,12.671139321777446,0.010724841303316524
33180.0,12.766369008619725,12.777271834955172,0.010902826335447813
33240.0,12.872830862197622,12.883884026279702,0.011053164082079903
33300.0,12.97979718258986,12.990973275445867,0.011176092856008069
33360.0,13.087265012234472,13.098536919736944,0.01127190750247209
33420.0,13.195231294831933,13.206572251605394,0.01134095677346103
33480.0,13.303692875578502,13.315076516424597,0.011383640846094778
33540.0,13.412646501420689,13.424046910011384,0.011400408590695577
33600.0,13.522088821337904,13.533480576588772,0.011391755250867774
33660.0,13.63201638664621,13.643374606275756,0.011358219629546085
33720.0,13.742425651327736,13.753726032671693,0.01130038134395761
33780.0,13.853312972387377,13.864531831131899,0.011218858744522109
33840.0,13.964674610228514,13.975788915733574,0.011114305505060429
33900.0,14.076506729059226,14.087494137667818,0.010987408608592375
33960.0,14.188805397320374,14.199644282882218,0.01083888556184398
34020.0,14.301566588137485,14.312236069810751,0.010669481673266645
34080.0,14.414786179799698,14.42526614756207,0.0104799677623717
34140.0,14.528459956260823,14.538731093671231,0.01027113741040786
34200.0,14.642583607666683,14.652627412280708,0.010043804614024765
34260.0,14.75715273090465,14.766951532161329,0.009798801256678757
34320.0,14.872162830179684,14.881699805009703,0.009536974830018252
34380.0,14.987609317611396,14.996868503549194,0.00925918593779862
34440.0,15.103487513857331,15.112453819965594,0.008966306108263211
34500.0,15.219792648758482,15.228451864335511,0.008659215577029755
34560.0,15.336519862007512,15.344858662989282,0.008338800981769978
34620.0,15.45366420384137,15.461670157208573,0.008005953367202778
34680.0,15.571220635755736,15.578882201960369,0.007661566204632209
34740.0,15.689184031241547,15.696490564456326,0.00730653321477881
34800.0,15.807549176543896,15.814490923185076,0.006941746641180302
34860.0,15.926310771443298,15.932878866733517,0.006568095290219844
34920.0,16.045463430057044,16.051649892855494,0.00618646279844981
34980.0,16.1650016816638,16.170799407766026,0.005797726102226619
35040.0,16.284919971545573,16.290322725129954,0.005402753584380804
35100.0,16.40521266185342,16.410215065559896,0.00500240370647731
35160.0,16.525874032490236,16.53047155591048,0.004597523420244443
35220.0,16.64689828201555,16.651087228936376,0.0041889469208271635
35280.0,16.76827952856756,16.77205702289939,0.0037774943318282794
35340.0,16.890011810803404,16.893375781051873,0.003363970248468462
35400.0,17.012089088860517,17.0150382518259,0.0029491629653826124
35460.0,17.134505245332427,17.13703908846219,0.0025338431297612374
35520.0,17.257254086263135,17.259372849061037,0.0021187627979024626
35580.0,17.380329342158852,17.382033996669634,0.0017046545107817224
35640.0,17.503724669015735,17.50501689952216,0.0012922305064257955
35700.0,17.627433649362874,17.62831583132356,0.0008821819606872339
35760.0,17.751449793320845,17.751924971431436,0.00047517811059094583
35820.0,17.87576653967605,17.875838405532704,7.186585665408529e-05
35880.0,18.00037725696752,18.000050125890994,-0.00032713107652782014
35940.0,18.12527524459021,18.12455403221975,-0.0007212123704611884
36000.0,18.250453733908778,18.249343932271586,-0.0011098016371917652
36060.0,18.375905889386416,18.374413542522234,-0.0014923468641825366
36120.0,18.50162480972469,18.49975648909458,-0.0018683206301091104
36180.0,18.627603529015555,18.625366308668163,-0.002237220347392821
36240.0,18.75383501790498,18.75123644938867,-0.0025985685163085748
36300.0,18.880312184765863,18.877360271922953,-0.002951912842910076
36360.0,19.007027876884383,19.003731050725037,-0.0032968261593460113
36420.0,19.133974881651937,19.130341975018382,-0.0036329066335554216
36480.0,19.26114592776872,19.257186150061898,-0.003959777706821654
36540.0,19.388533686456263,19.384256598568754,-0.0042770878875089124
36600.0,19.51613077267627,19.511546261965123,-0.004584510711147516
36660.0,19.643929746358417,19.63904800164164,-0.004881744716776382
36720.0,19.77192311363548,19.766754600765125,-0.005168512870355357
36780.0,19.9001033280834,19.894658765362692,-0.005444562720708035
36840.0,20.02846279196958,20.022753126184398,-0.005709665785182949
36900.0,20.15699385750482,20.151030240136606,-0.005963617368212937
36960.0,20.285688828101527,20.279482591846318,-0.006206236255209774
37020.0,20.414539959635707,20.40810259542195,-0.006437364213756069
37080.0,20.543539461714488,20.53688259613409,-0.006656865580396243
37140.0,20.67267949894457,20.665814872008923,-0.006864626935648488
37200.0,20.80195219220642,20.79489163577091,-0.0070605564355119554
37260.0,20.931349619930756,20.924105036523542,-0.007244583407214122
37320.0,21.06086381937451,21.053447161481017,-0.00741665789349355
37380.0,21.19048678790205,21.182910037823603,-0.007576750078445826
37440.0,21.32021048426564,21.312485634625773,-0.007724849639867415
37500.0,21.45002682988769,21.442165864704293,-0.007860965183397184
37560.0,21.579927710140836,21.57194258618256,-0.007985123958277995
37620.0,21.709904975633098,21.70180760488438,-0.008097370748718191
37680.0,21.839950443487147,21.83175267586921,-0.008197767617936336
37740.0,21.97005589862105,21.961769505353004,-0.008286393268047476
37800.0,22.100213095028845,22.09184975278913,-0.00836334223971491
37860.0,22.23041375705665,22.221985032549128,-0.008428724507520968
37920.0,22.3606495806794,22.352166916090937,-0.008482664588463251
37980.0,22.490912234773457,22.482386933712405,-0.008525301061052204
38040.0,22.62119336238626,22.612636576450313,-0.008556785935947886
38100.0,22.751484582004203,22.74290729808854,-0.008577283915663259
38160.0,22.88177748881557,22.87319051700615,-0.008586971809418031
38220.0,23.012063655969936,23.00347761809826,-0.008586037871676666
38280.0,23.14233463583345,23.133759954595007,-0.00857468123844285
38340.0,23.272581961240668,23.26402885014977,-0.008553111090897403
38400.0,23.402797146738088,23.394275600388937,-0.00852154634915081
38460.0,23.5329716898276,23.524491475174727,-0.008480214652873741
38520.0,23.66309707219932,23.654667720104044,-0.008429352095276954
38580.0,23.79316476096228,23.78479555852391,-0.008369202438370138
38640.0,23.923166209867667,23.91486619339412,-0.008300016473548055
38700.0,24.053092860525776,24.04487080893159,-0.008222051594184876
38760.0,24.18293614361692,24.174800572604,-0.008135571012921616
38820.0,24.312687480094016,24.304646636650432,-0.008040843443584578
38880.0,24.4423382823812,24.434400140147773,-0.007938142233427925
38940.0,24.57187995556189,24.564052210531372,-0.007827745030517974
39000.0,24.70130389856069,24.693593965326727,-0.007709933233961408
39060.0,24.830601505319105,24.823016513997572,-0.007584991321532897
39120.0,24.95976416595976,24.952310959401075,-0.0074532065586865315
39180.0,25.088783267946827,25.0814683996432,-0.007314868303627264
39240.0,25.21765019723467,25.210479929621215,-0.007170267613453518
39300.0,25.34635633941016,25.339336642617127,-0.007019696793033603
39360.0,25.474893080825485,25.468029631920217,-0.006863448905267688
39420.0,25.60325180972269,25.596549992464134,-0.006701817258555565
39480.0,25.731423917347907,25.72488882218022,-0.006535095167688354
39540.0,25.859400799059983,25.853037223700085,-0.006363575359898732
39600.0,25.987173855424988,25.980986305716215,-0.006187549708773332
39660.0,26.114734493306965,26.108727184662712,-0.006007308644253584
39720.0,26.24207412694309,26.236250985777588,-0.0058231411655036425
39780.0,26.369184179016692,26.363548845038167,-0.00563533397852467
39840.0,26.496056081712467,26.490611909997824,-0.005444171714643176
39900.0,26.62268127777046,26.61743134171411,-0.005249936056351601
39960.0,26.7490512215219,26.74399831557821,-0.005052905943689012
40020.0,26.875157379922857,26.8703040230248,-0.00485335689805666
40080.0,27.00099123357234,26.99633967266709,-0.004651560905248431
40140.0,27.1265442777232,27.122096491504635,-0.004447786218566563
40200.0,27.25180802328351,27.247565726524044,-0.004242296759464637
40260.0,27.376773997803745,27.372738645288337,-0.004035352515408874
40320.0,27.501433746460165,27.497606537704996,-0.0038272087551689538
40380.0,27.6257788330234,27.62216071707371,-0.0036181159496884163
40440.0,27.74980084081705,27.74639252101042,-0.003408319806627702
40500.0,27.873491373669733,27.870293312880676,-0.0031980607890567114
40560.0,27.99684205685196,27.993854482658207,-0.002987574193753062
40620.0,28.119844538006507,28.117067448161833,-0.0027770898446739523
40680.0,28.242490488067663,28.239923656074097,-0.0025668319935654438
40740.0,28.364771602168872,28.36241458299628,-0.002357019172592345
40800.0,28.486679600541123,28.484531736343342,-0.002147864197780791
40860.0,28.60820622940245,28.606266655573563,-0.0019395738288885411
40920.0,28.729343261834,28.72761091285065,-0.0017323489833493966
40980.0,28.850082498649147,28.848556114367966,-0.0015263842811812367
41040.0,28.970415769250888,28.96909390087967,-0.001321868371217505
41100.0,29.09033493247848,29.089215948959463,-0.0011189835190172914
41160.0,29.209831877444664,29.208913971553557,-0.0009179058911072957
41220.0,29.32889852436489,29.328179719203035,-0.0007188051618562952
41280.0,29.447526825371657,29.447004980655038,-0.000521844716619313
41340.0,29.565708765322743,29.565381583692215,-0.0003271816305279174
41400.0,29.68343636259848,29.68330139603495,-0.00013496656353240155
41460.0,29.80070166988913,29.800756326163537,5.465627440770504e-05
41520.0,29.91749677497092,29.91773832396575,0.00024154899482908831
41580.0,30.03381380147375,30.034239381420775,0.00042557994702363544
41640.0,30.149644909640607,30.150251533734263,0.000606624093656194
41700.0,30.26498229707258,30.265766859614814,0.0007845625422326918
41760.0,30.379818199468453,30.38077748215437,0.0009592826859190495
41820.0,30.494144891353304,30.49527556959947,0.0011306782461666387
41880.0,30.607954686796624,30.609253335816902,0.0012986490202777645
41940.0,30.721239940122025,30.722703041130444,0.0014631010084187324
42000.0,30.833993046607727,30.835616992902942,0.0016239462952150063
42060.0,30.946206443175704,30.947987546074728,0.0017811028990237787
42120.0,31.057872609074625,31.059807104007632,0.0019344949330069028
42180.0,31.168984066549932,31.171068118695985,0.002084052146052784
42240.0,31.27953338150753,31.28176309178525,0.0022297102777208977
42300.0,31.38951316416756,31.391884574768483,0.0023714106009222746
42360.0,31.49891606970806,31.50142516977212,0.0025091000640600214
42420.0,31.607734798901053,31.610377530014375,0.002642731113322583
42480.0,31.715962098739173,31.71873436038004,0.0027722616408674128
42540.0,31.82359076305228,31.826488417747896,0.00289765469561587
42600.0,31.93061363311784,31.93363251182018,0.0030188787023384123
42660.0,32.03702359825991,32.0401595052972,0.0031359070372900533
42720.0,32.14281359644219,32.14606231464859,0.0032487182064002695
42780.0,32.24797661484788,32.25133391023701,0.0033572953891294333
42840.0,32.35250569045751,32.355967317169416,0.0034616267119034205
42900.0,32.4563939106133,32.459955615391664,0.0035617047783631506
42960.0,32.559634413575324,32.56329194037244,0.0036575267971130643
43020.0,32.66222038907419,32.66596948337974,0.0037490943055473736
43080.0,32.76414507884846,32.76798149199021,0.0038364131417552017
43140.0,32.865401777179706,32.869321270511136,0.003919493331430601
43200.0,32.96598383141615,32.969982180249644,0.00399834883349115
43260.0,33.06588464248904,33.06995763994928,0.004072997460241368
43320.0,33.16509766542356,33.169241126401175,0.004143460977616087
43380.0,33.26361640983576,33.267826174422225,0.0042097645864629385
43440.0,33.361434440429086,33.36570637758268,0.004271937153596639
43500.0,33.45854537747673,33.46287538829347,0.004330010816737229
43560.0,33.554942897300315,33.55932691824273,0.004384020942417521
43620.0,33.65062073273972,33.65505473889061,0.0044340061508947315
43680.0,33.74557267361419,33.750052681542,0.004480007927810448
43740.0,33.83979256717723,33.84431463787041,0.004522070693184332
43800.0,33.93327431856481,33.93783456023084,0.004560241666027309
43860.0,34.02601189123134,34.03060646166705,0.0045945704357066575
43920.0,34.117999307386825,34.12262441679195,0.004625109405125727
43980.0,34.20923064841712,34.21388256148202,0.004651913064904534
44040.0,34.29970005530436,34.30437509359763,0.004675038293264322
44100.0,34.389401729036166,34.39409627304849,0.004694544012323831
44160.0,34.47832993100919,34.48304042226664,0.004710491257448268
44220.0,34.56647898342316,34.57120192610455,0.004722942681389952
44280.0,34.65384326967375,34.65857523262821,0.004731962954458879
44340.0,34.740417234729925,34.745154852906126,0.004737618176200442
44400.0,34.82619538551265,34.83093536164961,0.004739976136960422
44460.0,34.911172291259795,34.915911397125456,0.004739105865660065
44520.0,34.99534258388941,35.00007766167255,0.004735077783138308
44580.0,35.07870095835205,35.08342892174551,0.004727963393456491
44640.0,35.161242172979215,35.1659600083367,0.0047178353574821585
44700.0,35.24296104982356,35.24766581703443,0.004704767210867544
44760.0,35.323852474992805,35.3285413083795,0.004688833386694569
44820.0,35.40391139897609,35.40858150800341,0.004670109027316016
44880.0,35.48313283696499,35.48778150687576,0.00464866991077173
44940.0,35.56151186916792,35.56613646160986,0.004624592441935249
45000.0,35.639043641114625,35.64364159444813,0.004597953333501437
45060.0,35.71572336395964,35.720292193684145,0.004568829724505008
45120.0,35.7915463147743,35.796083613764495,0.004537298990193506
45180.0,35.866507836835126,35.87101127545611,0.004503438620986344
45240.0,35.94060333990402,35.945070666137326,0.004467326233303481
45300.0,36.013828300502965,36.01825733984879,0.004429039345822616
45360.0,36.08617826218291,36.09056691771548,0.004388655532565622
45420.0,36.15764883578301,36.16199508776481,0.0043462519818007195
45480.0,36.228235699688,36.23253760546504,0.004301905777040815
45540.0,36.29793460007494,36.30219029354339,0.004255693468451227
45600.0,36.36674135115727,36.370949042488064,0.004207691330790908
45660.0,36.43465183542049,36.438809810599196,0.004157975178706863
45720.0,36.50166200384994,36.505768623894255,0.0041066200443182765
45780.0,36.56776787615652,36.57182157665375,0.0040537004972236446
45840.0,36.63296554099249,36.636964831392106,0.003999290399619326
45900.0,36.69725115616183,36.701194618901354,0.003943462739520953
45960.0,36.76062094882604,36.76450723857124,0.0038862897452034417
46020.0,36.823071215700224,36.82689905844745,0.0038278427472278054
46080.0,36.884598323247246,36.88836651534075,0.0037681920935028757
46140.0,36.94519870786158,36.94890611504525,0.0037074071836684652
46200.0,37.00486887604938,37.008514432323864,0.003645556274484818
46260.0,37.06360540460248,37.06718811125029,0.0035827066478120173
46320.0,37.12140494076269,37.12492386500526,0.003518924242570165
46380.0,37.17826420238696,37.18171847642952,0.003454274042560712
46440.0,37.23417997809637,37.2375687975873,0.0033888194909295066
46500.0,37.28914912742979,37.29247175043565,0.0033226230058645
46560.0,37.343168580982415,37.346424326562556,0.0032557455801409674
46620.0,37.39623534054244,37.39942358733242,0.0031882467899819744
46680.0,37.44834647922205,37.45146666413348,0.003120184911423962
46740.0,37.49949914157944,37.502550758326834,0.003051616747391961
46800.0,37.5496905437378,37.55267314142111,0.0029825976833066647
46860.0,37.59891797349391,37.60183115509426,0.00291318160034848
46920.0,37.64717879042524,37.65002221123723,0.002843420811991848
46980.0,37.69447042598848,37.69724379215768,0.002773366169201097
47040.0,37.74079038361282,37.743493450696405,0.0027030670835870296
47100.0,37.78613623878239,37.78876880988537,0.0026325711029784316
47160.0,37.8305056391231,37.83306756359525,0.0025619244721468704
47220.0,37.87389630447031,37.87638747617166,0.002491171701350936
47280.0,37.91630602694125,37.918726382653404,0.002420355712153821
47340.0,37.95773267099416,37.96008218881616,0.0023495178219974377
47400.0,37.99817417348508,38.00045287118701,0.0022786977019251253
47460.0,38.037628543716025,38.03983647710993,0.002207933393904682
47520.0,38.07609386347903,38.078231124731246,0.002137261252215694
47580.0,38.113568287093706,38.115635003181524,0.0020667160878176105
47640.0,38.15005004143554,38.15204637237912,0.001996330943576652
47700.0,38.18553742596392,38.18746356332849,0.0019261373645704793
47760.0,38.220028812736736,38.22188497785828,0.0018561651215449615
47820.0,38.25352264642581,38.25530908886867,0.0017864424428637449
47880.0,38.28601744432051,38.28773444017861,0.0017169958581035871
47940.0,38.31751179632856,38.31915964669315,0.0016478503645913634
48000.0,38.34800436497013,38.349583394257934,0.0015790292878037349
48060.0,38.377493885363656,38.37900443972467,0.0015105543610118843
48120.0,38.40597916520799,38.407421610980236,0.0014424457722483908
48180.0,38.43345908475753,38.43483380686666,0.001374722109133586
48240.0,38.45993259678899,38.461239997152006,0.0013074003630180187
48300.0,38.48539872656844,38.48663922272681,0.001240496158366966
48360.0,38.50985657180043,38.511030595196644,0.0011740233962171942
48420.0,38.53330530258673,38.53441329733323,0.001107994746497809
48480.0,38.555744161361474,38.556786582485074,0.0010424211235999792
48540.0,38.57717246283607,38.578149775050406,0.0009773122143386104
48600.0,38.59758959392484,38.59850227003335,0.0009126761085127555
48660.0,38.61699501367588,38.617843533473206,0.0008485197973229219
48720.0,38.63538825318452,38.63617310176778,0.0007848485832582242
48780.0,38.65276891550978,38.65349058211723,0.0007216666074469913
48840.0,38.669136675580525,38.669795652342145,0.0006589767616205222
48900.0,38.68449128009413,38.68508806063619,0.0005967805420610262
48960.0,38.69883254741217,38.69936762569705,0.0005350782848836388
49020.0,38.712160367448014,38.71263423653727,0.00047386908925517446
49080.0,38.724474701549205,38.7248878525279,0.00041315097869443207
49140.0,38.73577558237129,38.736128503107466,0.00035292073617654296
49200.0,38.74606311375039,38.74635628792748,0.000293174177095068
49260.0,38.755337470561926,38.75557137647411,0.00023390591218230838
49320.0,38.763598898583446,38.76377400837373,0.00017510979028401152
49380.0,38.77084771433947,38.77096449274541,0.0001167784059390442
49440.0,38.777084304950925,38.77714320853556,5.89035846374486e-05
49500.0,38.782309127972646,38.782310604292434,1.4763197881961787e-06
49560.0,38.78652271122318,38.78646719783865,-5.551338453102517e-05
49620.0,38.78972565261603,38.78961357645312,-0.00011207616290676015
49680.0,38.79191861997502,38.79175039647089,-0.00016822350413292497
49740.0,38.79310235085185,38.792878383319476,-0.0002239675323778556
49800.0,38.79327765233237,38.79299833121331,-0.0002793211190592615
49860.0,38.79244540083992,38.79211110325559,-0.000334297584323906
49920.0,38.790606541929165,38.79021763091441,-0.00038891101475257983
49980.0,38.78776209007855,38.78731891421194,-0.0004431758666143537
50040.0,38.78391312847187,38.78341602136061,-0.0004971071112649383
50100.0,38.77906080877802,38.778510088683106,-0.0005507200949139701
50160.0,38.77320635092236,38.77260232045228,-0.0006040304700789534
50220.0,38.766351042849365,38.76569398842548,-0.0006570544238826415
50280.0,38.7584962402885,38.75778643210651,-0.0007098081819876256
50340.0,38.74964336650289,38.74888105824357,-0.0007623082593184449
50400.0,38.73979391203933,38.73897934068373,-0.0008145713556046985
50460.0,38.72894943447111,38.72808282022015,-0.0008666142509596853
50520.0,38.71711155813311,38.71619310438109,-0.0009184537520212643
50580.0,38.70428197385194,38.70331186713884,-0.0009701067131047125
50640.0,38.69046243867184,38.689440848786035,-0.0010215898858021433
50700.0,38.67565477557101,38.674581855520955,-0.0010729200500563252
50760.0,38.65986087317809,38.658736759571184,-0.0011241136069060076
50820.0,38.64308268547539,38.64190749856061,-0.001175186914778692
50880.0,38.62532223150197,38.62409607538575,-0.0012261561162176804
50940.0,38.60658159505177,38.60530455826665,-0.0012770367851189235
51000.0,38.58686292435837,38.58553507993929,-0.001327844419080293
51060.0,38.5661684317843,38.56478983785928,-0.0013785939250183787
51120.0,38.54450039349701,38.54307109372894,-0.001429299768069825
51180.0,38.52186114914303,38.520381173249916,-0.0014799758931118845
51240.0,38.49825310151547,38.49672246586124,-0.0015306356542339472
51300.0,38.47367871621545,38.47209742441191,-0.0015812918035393864
51360.0,38.44814052131058,38.446508564957185,-0.0016319563533926384
51420.0,38.42164110698317,38.41995846635109,-0.0016826406320760157
51480.0,38.39418312517871,38.3924497699918,-0.001733355186907204
51540.0,38.36576928924509,38.36398517955968,-0.0017841096854098737
51600.0,38.336402373567154,38.33456746066804,-0.0018349128991133057
51660.0,38.306085213198,38.304199440543016,-0.0018857726549867948
51720.0,38.27482070348027,38.272884007543325,-0.0019366959369477854
51780.0,38.2426117996704,38.240624111269426,-0.0019876884009732976
51840.0,38.2094615165471,38.207422761639464,-0.0020387549076374967
51900.0,38.17537292802494,38.17328302907845,-0.0020898989464939177
51960.0,38.14034916675389,38.13820804372517,-0.002141123028721381
52020.0,38.104393423723074,38.102200995446765,-0.0021924282763094993
52080.0,38.06750894785018,38.0652651333221,-0.002243814528078758
52140.0,38.02969904557132,38.0274037651252,-0.0022952804461198184
52200.0,37.99096708042693,37.98862025725248,-0.0023468231744487866
52260.0,37.951316472637686,37.948918034060625,-0.0023984385770603467
52320.0,37.91075069868166,37.90830057775747,-0.0024501209241876154
52380.0,37.869273290861805,37.86677142785629,-0.0025018630055129165
52440.0,37.82688783687052,37.82433418065193,-0.0025536562185877187
52500.0,37.78359797935194,37.78099248924991,-0.0026054901020273746
52560.0,37.73940741545337,37.736750062555075,-0.0026573528982964945
52620.0,37.694319896379966,37.69161066542438,-0.002709230955588282
52680.0,37.64833922693955,37.6455781179684,-0.002761108971149895
52740.0,37.60146926508316,37.59865629514388,-0.0028129699392778207
52800.0,37.55371392144465,37.55084912635357,-0.002864795091078065
52860.0,37.50507715887258,37.50216059511877,-0.0029165637538142164
52920.0,37.455562991958224,37.45259473834449,-0.002968253613737204
52980.0,37.40517548656262,37.4021556463631,-0.003019840199520729
53040.0,37.35391875933347,37.35084746195935,-0.003071297374120263
53100.0,37.30179697722466,37.29867438034853,-0.0031225968761319223
53160.0,37.24881435700511,37.24564064823062,-0.0031737087744900805
53220.0,37.19497516477063,37.19175056404492,-0.003224600725708626
53280.0,37.140283715443736,37.137008476689516,-0.003275238754220311
53340.0,37.08474437227814,37.081418785688584,-0.0033255865895540637
53400.0,37.02836154635183,37.024985940312035,-0.003375606039796253
53460.0,36.97113969606147,36.96771443926991,-0.003425256791558695
53520.0,36.91308332661195,36.90960883032676,-0.003474496285186035
53580.0,36.85419698949843,36.850673709399416,-0.0035232800990172564
53640.0,36.794485281992976,36.790913720586104,-0.0035715614068720924
53700.0,36.73395284661802,36.73033355529333,-0.0036192913246893
53760.0,36.67260437062343,36.6689379517411,-0.003666418882332323
53820.0,36.61044458545751,36.60673169463553,-0.0037128908219798973
53880.0,36.5474782662368,36.54371961468132,-0.0037586515554792754
53940.0,36.48371023120553,36.47990658754861,-0.0038036436569157672
54000.0,36.41914534120352,36.4152975341276,-0.0038478070759140337
54060.0,36.35378849912043,36.34989741927711,-0.003891079843313605
54120.0,36.28764464935231,36.283711251780915,-0.003933397571394437
54180.0,36.22071877725531,36.21674408355466,-0.003974693700648402
54240.0,36.15301590859196,36.149001009122,-0.004014899469957811
54300.0,36.08454110898069,36.080487165090744,-0.004053943889942957
54360.0,36.015299483338815,36.01120772965078,-0.0040917536880371586
54420.0,35.94529617532182,35.94116792181012,-0.004128253511701985
54480.0,35.8745363667654,35.87037300119846,-0.004163365566938637
54540.0,35.80302527711735,35.798828267077624,-0.004197010039725058
54600.0,35.7307681628742,35.72653905802872,-0.00422910484547856
54660.0,35.65777031700874,35.65351075123908,-0.004259565769658025
54720.0,35.58403706840257,35.579748762036616,-0.0042883063659573395
54780.0,35.50957378126852,35.50525854318403,-0.0043152380844944105
54840.0,35.43438585457674,35.4300455843113,-0.004340270265437596
54900.0,35.358478721476814,35.35411541142821,-0.004363310048603353
54960.0,35.281857848715866,35.27747358616034,-0.004384262555525709
55020.0,35.20452873605718,35.20012570509425,-0.00440303096292638
55080.0,35.12649691569655,35.122077399537375,-0.004419516159174464
55140.0,35.04776795167634,35.043334334484825,-0.004433617191516248
55200.0,34.96834743929517,34.96390220809553,-0.0044452311996394656
55260.0,34.888241004521795,34.883786751233856,-0.004454253287939025
55320.0,34.80745430340222,34.802993726785644,-0.004460576616573064
55380.0,34.72599302146574,34.721528928756015,-0.0044640927097248095
55440.0,34.64386287313398,34.63939818220388,-0.004464690930106485
55500.0,34.56106960112074,34.55660734184494,-0.00446225927580457
55560.0,34.477618975839675,34.47316229219723,-0.004456683642445114
55620.0,34.39351679480181,34.38906894626416,-0.004447848537651566
55680.0,34.3087688820185,34.304333245323505,-0.004435636694992695
55740.0,34.22338108740041,34.218961158097954,-0.004419929302457604
55800.0,34.137359286154656,34.13295868004934,-0.004400606105313898
55860.0,34.050709378183164,34.046331832854776,-0.004377545328388521
55920.0,33.963437287479216,33.95908666368632,-0.004350623792895192
55980.0,33.875548961521424,33.871229244461574,-0.004319717059850348
56040.0,33.78705037067059,33.782765671247034,-0.00428469942355747
56100.0,33.69794750756247,33.6937020636542,-0.004245443908267532
56160.0,33.60824638650131,33.604044563981006,-0.00420182252030088
56220.0,33.517953042853634,33.51379933670978,-0.004153706143853242
56280.0,33.427073532439344,33.42297256766324,-0.004100964776107219
56340.0,33.335613930924815,33.33157046336419,-0.004043467560627789
56400.0,33.243580333214474,33.23959925051895,-0.0039810826955246625
56460.0,33.15097885284293,33.147065175107855,-0.00391367773507767
56520.0,33.05781562136394,33.05397450165037,-0.0038411197135701514
56580.0,32.96409678774504,32.960333512754005,-0.0037632749910372354
56640.0,32.86982851775548,32.866148508153856,-0.003680009601623624
56700.0,32.775016993359884,32.77142580416694,-0.003591189192945876
56760.0,32.67966841210883,32.67617173300823,-0.00349667910059992
56820.0,32.58378898652969,32.58039264189574,-0.003396344633948445
56880.0,32.487384943519025,32.484094892424764,-0.0032900510942610595
56940.0,32.39046252373522,32.38728485998581,-0.003177663749411863
57000.0,32.29302798098987,32.28996893281146,-0.0030590481784074086
57060.0,32.19508758164184,32.19215351140883,-0.0029340702330102886
57120.0,32.09664760399037,32.09384500786837,-0.0028025961220023987
57180.0,31.997714337669947,31.99504984504165,-0.002664492628298376
57240.0,31.89829408304276,31.89577445566829,-0.0025196273744718667
57300.0,31.798393150597672,31.796025281990296,-0.0023678686073758115
57360.0,31.69801786034463,31.69580877480621,-0.0022090855384213626
57420.0,31.59717454121248,31.59513139273622,-0.002043148476257528
57480.0,31.49586953044657,31.493999601450923,-0.0018699289956458642
57540.0,31.394109173010364,31.39241987317655,-0.0016892998338136067
57600.0,31.29189982098233,31.290398685530818,-0.0015011354515124253
57660.0,31.1892478329606,31.187942521130026,-0.0013053118305741407
57720.0,31.086159573464887,31.085057866817806,-0.001101706647080647
57780.0,30.98264141233974,30.981751212646486,-0.0008901996932522138
57840.0,30.878699724160416,30.878029051345948,-0.0006706728144685314
57900.0,30.774340887641934,30.773897877654235,-0.00044300998769841726
57960.0,30.669571285043805,30.66936418725527,-0.0002070977885360037
58020.0,30.56439730158304,30.564434476356837,3.717477379794332e-05
58080.0,30.45882532484456,30.459115240737447,0.0002899158928855172
58140.0,30.35286174419444,30.353412974916864,0.0005512307224257995
58200.0,30.246512950195747,30.24733417169773,0.0008212215019831604
58260.0,30.139785334024253,30.14088532103051,0.0010999870062562422
58320.0,30.032685286888757,30.03407290954783,0.0013876226590738838
58380.0,29.92521919945115,29.926903419705923,0.0016842202547735496
58440.0,29.81739346124773,29.81938332883874,0.001989867591010608
58500.0,29.7092144601174,29.711519108743232,0.0023046486258309073
58560.0,29.600688581625352,29.603317224638886,0.0026286430135336047
58620.0,29.491822208493065,29.49478413433826,0.002961925845195168
58680.0,29.382621720031768,29.385926287883194,0.003304567851426299
58740.0,29.27309349157264,29.276750126227853,0.003656634655211377
58800.0,29.163243893906404,29.1672620810059,0.004018187099497084
58860.0,29.053079292718536,29.057468573213555,0.004389280495018966
58920.0,28.94260604803357,28.94737601300585,0.004769964972279439
58980.0,28.831830513655387,28.836990798357874,0.0051602847024874166
59040.0,28.72075903661552,28.72631931471551,0.005560278099991933
59100.0,28.60939795662162,28.61536793409323,0.00596997747160799
59160.0,28.497753605507853,28.504143014193687,0.0063894086858340415
59220.0,28.38583230668956,28.39265089770197,0.006818591012407893
59280.0,28.27364037462148,28.28089791155071,0.007257536929230923
59340.0,28.16118411425525,28.16889036606881,0.007706251813559106
59400.0,28.04846982050521,28.0566345543848,0.008164733879588937
59460.0,27.935503777710583,27.9441367512336,0.008632973523017284
59520.0,27.822292259108043,27.83140321278188,0.00911095367383652
59580.0,27.708841526300183,27.718440175274736,0.00959864897455276
59640.0,27.59515782873288,27.605253854642797,0.010096025909916762
59700.0,27.48124740317157,27.491850445519958,0.01060304234838938
59760.0,27.367116473183764,27.378236120537622,0.011119647353858397
59820.0,27.252771248623528,27.26441702964803,0.011645781024501645
59880.0,27.13821792511789,27.1503992990838,0.012181373965912456
59940.0,27.02346268356108,27.03618903104507,0.012726347483990708
60000.0,26.908511689604364,26.921792302244285,0.013280612639920975
60060.0,26.793371093159585,26.807215163920773,0.013844070761187766
60120.0,26.678047027895595,26.69246364034916,0.014416612453565847
60180.0,26.562545610746927,26.577543728693854,0.01499811794692718
60240.0,26.4468729414202,26.46246139775758,0.015588456337379597
60300.0,26.3310351019064,26.3472225873993,0.01618748549289961
60360.0,26.21503815599843,26.231833207973978,0.016795051975549313
60420.0,26.0988881488077,26.116299139168405,0.01741099036070537
60480.0,25.98259110628957,26.000626229557383,0.018035123267814868
60540.0,25.866153034768733,25.884820295730606,0.01866726096187321
60600.0,25.749579920471344,25.768887121608714,0.01930720113736939
60660.0,25.632877729057373,25.652832457533805,0.019954728476431427
60720.0,25.516052405160902,25.536662019687355,0.020609614526453157
60780.0,25.39910987193062,25.42038148924621,0.02127161731559113
60840.0,25.282056030577596,25.303996511785954,0.021940481208357454
60900.0,25.164896759922836,25.187512696240447,0.022615936317610164
60960.0,25.04763791595465,25.07093561461079,0.023297698656140398
61020.0,24.93028533138275,24.954270800735685,0.02398546935293666
61080.0,24.81284481520334,24.83752375003678,0.02467893483343886
61140.0,24.695322152263323,24.720699918478203,0.025377766214880637
61200.0,24.577723102830387,24.603804721904453,0.026081619074066253
61260.0,24.46005340216871,24.486843535480148,0.026790133311436648
61320.0,24.342318760115848,24.36982169286057,0.02750293274472071
61380.0,24.22452486066533,24.25274448552227,0.028219624856941294
61440.0,24.10667736155316,24.135617161970004,0.028939800416843298
61500.0,23.988781893849584,24.0184449272856,0.02966303343601595
61560.0,23.870844061552813,23.901232942291244,0.030388880738431823
61620.0,23.752869441188025,23.78398632268363,0.031116881495606208
61680.0,23.634863581413224,23.666710138910275,0.03184655749705101
61740.0,23.516832002623374,23.549409414954425,0.03257741233105094
61800.0,23.398780196564047,23.43208912789123,0.033308931327184155
61860.0,23.28071362594909,23.314754207523947,0.03404058157485679
61920.0,23.1626377240774,23.197409535110637,0.03477181103323801
61980.0,23.04455789446147,23.080059943444212,0.03550204898274245
62040.0,22.92647951045392,22.962710215833795,0.03623070537987516
62100.0,22.80840791488172,22.84536508549354,0.0369571706118208
62160.0,22.690348419684447,22.72802923524432,0.03768081555987379
62220.0,22.5723063055544,22.610707296524197,0.03840099096979799
62280.0,22.454286821585544,22.493403849221068,0.03911702763552327
62340.0,22.336295184921838,22.376123420879594,0.03982823595775642
62400.0,22.21833658041284,22.258870486097294,0.04053390568445536
62460.0,22.1004161602742,22.14164946632809,0.04123330605388986
62520.0,21.98253904374932,22.024464728994644,0.04192568524532447
62580.0,21.8647103167787,21.90732058724825,0.042610270469548794
62640.0,21.74693503167128,21.790221299321274,0.04328626764999299
62700.0,21.629218206781683,21.673171068185184,0.04395286140350052
62760.0,21.511564826189787,21.556174040902988,0.04460921471320134
62820.0,21.393979839387715,21.439234308563755,0.045254469176040146
62880.0,21.27646816096779,21.322355905482254,0.04588774451446298
62940.0,21.159034670316156,21.20554280903889,0.046508138722732184
63000.0,21.04168421131081,21.08879893910489,0.047114727794081546
63060.0,20.924421592024267,20.972128157911357,0.04770656588708988
63120.0,20.807251584429054,20.855534269634518,0.048282685205464304
63180.0,20.69017892410857,20.739021019930078,0.048842095821509446
63240.0,20.57320830997169,20.622592095947766,0.049383785976075956
63300.0,20.4563444039708,20.506251125734707,0.049906721763907314
63360.0,20.339591830825885,20.390001678242697,0.050409847416812426
63420.0,20.22295517775019,20.273847262957133,0.050892085206942994
63480.0,20.106438994182504,20.157791329882457,0.05135233569995279
63540.0,19.99004779152028,20.04183726915653,0.051789477636251746
63600.0,19.87378604286066,19.925988411116123,0.052202368255461096
63660.0,19.757658182741803,19.810248026042245,0.05258984330044214
63720.0,19.641668606890285,19.694619324232917,0.05295071734263246
63780.0,19.525821671971404,19.57910545580671,0.053283783835308185
63840.0,19.41012169534474,19.46370951095014,0.05358781560540038
63900.0,19.29457295482021,19.3484345195684,0.05386156474818904
63960.0,19.17917968842154,19.233283451685566,0.054103763264023996
64020.0,19.06394609415165,19.118259217335435,0.05431312318378545
64080.0,18.948876329761603,19.00336466691806,0.05448833715645662
64140.0,18.833974512522587,18.888602591032395,0.054628078509807665
64200.0,18.71924471900324,18.773975721058378,0.05473100205513859
64260.0,18.6046909848481,18.6594867291642,0.054795744316098904
64320.0,18.49031730456164,18.545138228735595,0.05482092417395634
64380.0,18.376127631293016,18.430932774674147,0.05480514338113096
64440.0,18.26212587662654,18.316872863753815,0.05474698712727388
64500.0,18.148315910373693,18.20296093513025,0.05464502475655664
64560.0,18.034701560368188,18.089199370733695,0.054497810365507604
64620.0,17.921286612265433,17.975590495974757,0.054303883709323486
64680.0,17.80807480934268,17.86213658008637,0.05406177074369012
64740.0,17.69506985230336,17.74883983694599,0.053769984642631385
64800.0,17.582275399083997,17.635702425744967,0.053427026660969545
64860.0,17.469695064663295,17.52272645165067,0.05303138698737442
64920.0,17.357332420873533,17.40991396669415,0.05258154582061536
64980.0,17.245190996214536,17.297266970592318,0.05207597437778233
65040.0,17.133274275670008,17.184787411650177,0.05151313598016927
65100.0,17.02158570052608,17.072477187917684,0.05089148739160265
65160.0,16.910128668190627,16.960338147968287,0.05020947977765999
65220.0,16.798906532016037,16.848372092274076,0.04946556025803872
65280.0,16.687922601122025,16.736580774151662,0.04865817302963649
65340.0,16.577180140221348,16.624965901130054,0.04778576090870601
65400.0,16.466682369446964,16.5135291363913,0.046846766944334206
65460.0,16.35643246417869,16.402272100021946,0.04583963584325801
65520.0,16.246433554872247,16.291196370424586,0.044762815552338964
65580.0,16.13668872688854,16.180303485954937,0.04361475906639711
65640.0,16.027201020325148,16.069594946617144,0.042393926291996564
65700.0,15.917973429845793,15.959072215584456,0.041098785738663324
65760.0,15.809008904511357,15.848736720974557,0.03972781646320023
65820.0,15.700310347612763,15.738589858126943,0.03827951051417955
65880.0,15.591880616498624,15.62863299077435,0.036752374275724975
65940.0,15.483722522409064,15.5188674538731,0.03514493146403552
66000.0,15.37583883030336,15.40929455517471,0.03345572487135051
66060.0,15.268232258689372,15.299915577634238,0.0316833189448662
66120.0,15.160905479451795,15.19073178168037,0.02982630222857452
66180.0,15.053861117678098,15.08174440755829,0.027883289880191953
66240.0,14.947101751483183,14.972954677956295,0.025852926473111992
66300.0,14.840629911831158,14.86436380026862,0.02373388843746227
66360.0,14.734448082356996,14.75597296962951,0.021524887272514448
66420.0,14.628558699182422,14.647783371379774,0.019224672197351467
66480.0,14.522964150730727,14.539796184020815,0.016832033290087978
66540.0,14.417666777537674,14.43201258222689,0.014345804689215313
66600.0,14.312668872058392,14.324433739799133,0.011764867740740925
66660.0,14.20797267847045,14.217060832968855,0.009088154498405387
66720.0,14.103580392471107,14.109895043438883,0.006314650967775393
66780.0,13.999494161070553,14.00293756191968,0.0034434008491270873
66840.0,13.895716082379693,13.896189591607254,0.00047350922756095315
66900.0,13.79224820538907,13.789652351406403,-0.002595853982667151
66960.0,13.689092529746391,13.683327080158051,-0.0057654495883401324
67020.0,13.586251005520552,13.57721503994253,-0.009035965578021887
67080.0,13.483725532961987,13.471317520088633,-0.01240801287335458
67140.0,13.381517962254197,13.365635841357289,-0.015882120896907992
67200.0,13.279630093253424,13.260171359652304,-0.019458733601119604
67260.0,13.17806367522141,13.154925470455055,-0.02313820476635442
67320.0,13.076820406545997,13.049899613062735,-0.026920793483261818
67380.0,12.975901934450702,12.945095274935738,-0.03080665951496364
67440.0,12.875309854691542,12.840513996150548,-0.03479585854099376
67500.0,12.775045711241589,12.73615737405271,-0.03888833718887952
67560.0,12.675110995960589,12.632027067902527,-0.043083928058061716
67620.0,12.575507148250097,12.528124803611718,-0.04738234463837898
67680.0,12.476235554691597,12.424452378661954,-0.051783176029642775
67740.0,12.37729754866781,12.32101166690336,-0.05628588176445071
67800.0,12.2786944099665,12.217804623847769,-0.06088978611873053
67860.0,12.180427364361623,12.114833291470859,-0.06559407289076447
67920.0,12.082497583177162,12.012099803730962,-0.07039777944619985
67980.0,11.984906182824025,11.909606391429406,-0.07529979139461851
68040.0,11.887654224316927,11.807355387958523,-0.08029883635840385
68100.0,11.790742712762135,11.705349234376627,-0.08539347838550881
68160.0,11.69417259681922,11.603590484977758,-0.09058211184146181
68220.0,11.597944768133226,11.502081812817778,-0.09586295531544842
68280.0,11.502060060733596,11.400826015094935,-0.10123404563866067
68340.0,11.40651925040258,11.299826018948806,-0.10669323145377341
68400.0,11.31132305400395,11.199084886935452,-0.11223816706849732
68460.0,11.216690918544357,11.101130614879366,-0.11556030366499037
68520.0,11.123601409056237,11.004641544066544,-0.11895986498969258
68580.0,11.03199765740435,10.909615269050846,-0.12238238835350401
68640.0,10.941847227519602,10.816020161120832,-0.12582706639877017
68700.0,10.85311808704154,10.723826162720798,-0.12929192432074288
68760.0,10.765779099814104,10.63300407713541,-0.13277502267869323
68820.0,10.679799985911384,10.543525551966013,-0.13627443394537053
68880.0,10.595151293917295,10.455363048538857,-0.1397882453784387
68940.0,10.51180437402394,10.368489813139604,-0.14331456088433647
69000.0,10.429731352132071,10.282879849190067,-0.14685150294200433
69060.0,10.34890510490868,10.198507890723704,-0.15039721418497543
69120.0,10.269299235761387,10.115349376523227,-0.1539498592381605
69180.0,10.190888051694706,10.033380425997166,-0.15750762569754073
69240.0,10.113646541006826,9.95257781512555,-0.1610687258812753
69300.0,10.037550351798496,9.872918953831686,-0.1646313979668097
69360.0,9.962575771257686,9.794381864303432,-0.1681939069542544
69420.0,9.888699705689111,9.716945159867464,-0.1717545458216474
69480.0,9.815899661259374,9.640588024900353,-0.17531163635902125
69540.0,9.74415372542934,9.565290195558191,-0.1788635298711494
69600.0,9.673440549043384,9.491031940873654,-0.18240860816973026
69660.0,9.603739329055005,9.417794045151823,-0.1859452839031821
69720.0,9.535029791857731,9.345557790635212,-0.18947200122251928
69780.0,9.46729217720007,9.274304940779984,-0.19298723642008575
69840.0,9.400507222664292,9.204017724732694,-0.19648949793159787
69900.0,9.334656148680368,9.134678821632406,-0.19997732704796256
69960.0,9.269720644061817,9.066271346338908,-0.20344929772290854
70020.0,9.2056828520352,8.998778834604309,-0.20690401743089026
70080.0,9.142525356754131,8.932185230238247,-0.2103401265158844
70140.0,9.080231170268114,8.866474871421815,-0.21375629884629888
70200.0,9.018783719937703,8.801632478411193,-0.21715124152651022
70260.0,8.95816683627365,8.737643141208537,-0.22052369506511305
70320.0,8.898364741187706,8.674492308149638,-0.2238724330380677
70380.0,8.83936203663472,8.61216577437881,-0.2271962622559105
70440.0,8.781143693636809,8.550649671185965,-0.23049402245084316
70500.0,8.723695041671187,8.489930455572903,-0.23376458609828354
70560.0,8.66700175840976,8.42999490022703,-0.23700685818273115
70620.0,8.611049859797028,8.370830083837063,-0.24021977595996447
70680.0,8.555825690454073,8.312423381801636,-0.24340230865243662
70740.0,8.501315914396027,8.254762457341712,-0.24655345705431486
70800.0,8.447507506051446,8.197835252671211,-0.24967225338023447
70860.0,8.394387741573839,8.141629980837024,-0.2527577607368148
70920.0,8.341944190433018,8.086135117668164,-0.25580907276485476
70980.0,8.29016470727676,8.03133939401232,-0.25882531326444
71040.0,8.2390374240534,7.977231788274366,-0.2618056357790337
71100.0,8.188550742385614,7.923801519325934,-0.2647492230596793
71160.0,8.138693326185583,7.8710380393386,-0.26765528684698303
71220.0,8.089454094504918,7.818931027391955,-0.27052306711296303
71280.0,8.040822214608504,7.7674703827397025,-0.2733518318688013
71340.0,7.9927870952664115,7.716646218774258,-0.27614087649215335
71400.0,7.945338380255027,7.666448856911302,-0.2788895233437252
71460.0,7.898465942060133,7.616868820841773,-0.28159712121835945
71520.0,7.852159875775173,7.5678968308420735,-0.2842630449330992
71580.0,7.806410493188109,7.5195237984808045,-0.2868866947073041
71640.0,7.761208317049258,7.4717408212782175,-0.28946749577104036
71700.0,7.716544075515056,7.424539177725819,-0.2920048977892371
71760.0,7.672408696760756,7.377910322287789,-0.29449837447296634
71820.0,7.628793303757502,7.331845880886249,-0.296947422871253
71880.0,7.585689209205912,7.286337646088214,-0.29935156311769795
71940.0,7.543087910623654,7.241377572929196,-0.3017103376944581
72000.0,7.500981085579052,7.19695777443485,-0.3040233111442019
72060.0,7.459360587068146,7.1530705176519405,-0.30629006941620585
72120.0,7.418218439028827,7.109708219559252,-0.308510219469575
72180.0,7.377546831987401,7.066863443204056,-0.3106833887833451
72240.0,7.337338118834869,7.024528894038667,-0.31280922479620177
72300.0,7.297584810726319,6.982697416264273,-0.31488739446204583
72360.0,7.258279573100666,6.941361989251163,-0.3169175838495031
72420.0,7.219415221816392,6.900515724089928,-0.31889949772646364
72480.0,7.180984719400635,6.860151860564656,-0.32083285883597856
72540.0,7.1429811714051565,6.8202637637004955,-0.32271740770466106
72600.0,7.105397822868498,6.780844920791424,-0.3245529020770741
72660.0,7.068228054879418,6.741888938333432,-0.32633911654598613
72720.0,7.031465381238816,6.703389539205091,-0.32807584203372553
72780.0,6.995103445216198,6.665340559724427,-0.32976288549177113
72840.0,6.959136016399087,6.627735946996836,-0.3314000694022514
72900.0,6.923556987631447,6.590569756372133,-0.33298723125931406
72960.0,6.888360372036707,6.553836148530536,-0.33452422350617095
73020.0,6.85354030012748,6.517529387383547,-0.3360109127439328
73080.0,6.819091016992678,6.481643837316369,-0.33744717967630855
73140.0,6.785006879565662,6.446173961085151,-0.3388329184805112
73200.0,6.751282353966491,6.411114317346801,-0.34016803661968975
73260.0,6.717912012918536,6.376459558479837,-0.34145245443869854
73320.0,6.684890533236149,6.34220442852893,-0.3426861047072185
73380.0,6.652212693380693,6.30834376097846,-0.34386893240223326
73440.0,6.619873371083793,6.274872476646124,-0.34500089443766946
73500.0,6.587867541036018,6.241785581984004,-0.34608195905201367
73560.0,6.556190272636747,6.209078166852123,-0.3471121057846238
73620.0,6.524836727806137,6.176745402815868,-0.3480913249902686
73680.0,6.493802158855295,6.144782541192399,-0.34901961766289613
73740.0,6.46308190641407,6.113184911337157,-0.34989699507691263
73800.0,6.432671397414339,6.081947919046797,-0.3507234783675415
73860.0,6.402566143125992,6.051067044540105,-0.35149909858588746
73920.0,6.37276173724674,6.020537841228361,-0.352223896018379
73980.0,6.343253854040609,5.990355933779938,-0.3528979202606708
74040.0,6.314038246526892,5.960517016730591,-0.35352122979630085
74100.0,6.2851107447163175,5.931016853010078,-0.3540938917062393
74160.0,6.256467253892185,5.9018512722541345,-0.35461598163805075
74220.0,6.228103752938772,5.873016169676703,-0.355087583262069
74280.0,6.200016292710169,5.844507504392823,-0.355508788317346
74340.0,6.172200994443925,5.8163212981999095,-0.35587969624401516
74400.0,6.144654048213763,5.788453634177131,-0.35620041403663194
74460.0,6.117371711423434,5.760900655495789,-0.3564710559276456
74520.0,6.09035030733777,5.733658563985955,-0.3566917433518153
74580.0,6.063586223652853,5.706723619128752,-0.35686260452410057
74640.0,6.037075911100111,5.680092136499297,-0.3569837746008133
74700.0,6.010815882089325,5.653760487082764,-0.3570553950065616
74760.0,5.9848027093818095,5.627725095662754,-0.35707761371905544
74820.0,5.95903302480012,5.601982439929998,-0.3570505848701222
74880.0,5.933503517968869,5.576529049430974,-0.35697446853789483
74940.0,5.908210935086758,5.551361504396482,-0.35684943069027586
75000.0,5.883152077729333,5.526476434646611,-0.35667564308272226
75060.0,5.858323801682353,5.501870518790383,-0.35645328289196954
75120.0,5.833723015802391,5.477540483010671,-0.3561825327917205
75180.0,5.809346680907019,5.453483100271114,-0.35586358063590495
75240.0,5.785191808690573,5.429695189159247,-0.3554966195313263
75300.0,5.761255460668601,5.406173613198916,-0.35508184746968485
75360.0,5.7375347471461335,5.382915279835288,-0.3546194673108456
75420.0,5.714026826211652,5.359917139492609,-0.35410968671904275
75480.0,5.690728902755347,5.337176184730197,-0.3535527180251501
75540.0,5.66763822751217,5.31468944957669,-0.3529487779354801
75600.0,5.644752096125575,5.292454008493223,-0.3522980876323514
75660.0,5.622067848235239,5.270466975525778,-0.3516008727094606
75720.0,5.599582866587568,5.248725503875903,-0.3508573627116647
75780.0,5.577294576164111,5.227226784609229,-0.3500677915548822
75840.0,5.5552004433343605,5.205968046426278,-0.34923239690808217
75900.0,5.533297975025477,5.184946554458293,-0.3483514205671847
75960.0,5.511584717913848,5.164159609892522,-0.3474251080213264
76020.0,5.490058257634203,5.143604549070005,-0.3464537085641979
76080.0,5.468716218007742,5.123278742903494,-0.34543747510424794
76140.0,5.447556260288347,5.103179596153495,-0.3443766641348516
76200.0,5.426576082425497,5.083304546657018,-0.343271535768479
76260.0,5.4057734183459,5.063651064941951,-0.3421223534039495
76320.0,5.385146037250044,5.044216653419426,-0.340929383830618
76380.0,5.364691742924905,5.024998845663504,-0.3396928972614015
76440.0,5.34440837307421,5.0059952060291835,-0.3384131670450268
76500.0,5.324293798662267,4.9872033289721,-0.33709046969016665
76560.0,5.304345923272809,4.968620838415518,-0.335725084857291
76620.0,5.284562682483133,4.950245387150062,-0.3343172953330713
76680.0,5.264942043252309,4.932074656440818,-0.33286738681149064
76740.0,5.245482003322218,4.9141063553215645,-0.33137564800065356
76800.0,5.226180590633375,4.8963382201545755,-0.32984237047879983
76860.0,5.207035862752437,4.878768014037632,-0.3282678487148045
76920.0,5.188045906313489,4.861393526301981,-0.32665238001150776
76980.0,5.169208836471333,4.844212572079414,-0.32499626439191953
77040.0,5.150522796366821,4.827222991680173,-0.32329980468664754
77100.0,5.131985956604521,4.810422650334658,-0.32156330626986307
77160.0,5.113596514740257,4.793809437382151,-0.3197870773581055
77220.0,5.09535269478239,4.777381266165321,-0.31797142861706895
77280.0,5.07725274670143,4.761136073269881,-0.3161166734315488
77340.0,5.059294945952299,4.74507181834997,-0.31422312760232884
77400.0,5.041477593005197,4.729186483342346,-0.31229110966285134
77460.0,5.023799012888875,4.713478072531871,-0.31032094035700464
77520.0,5.006257554740842,4.697944611642015,-0.3083129430988274
77580.0,4.988851591369894,4.682584147769376,-0.30626744360051816
77640.0,4.971579518826063,4.6673947487688565,-0.3041847700572067
77700.0,4.954439755980533,4.65237450290806,-0.302065253072473
77760.0,4.937430744115329,4.63752151863082,-0.2999092254845097
77820.0,4.920550946519591,4.62283392397876,-0.297717022540831
77880.0,4.903798848095655,4.608309866220225,-0.2954889818754305
77940.0,4.887172954974396,4.593947511737497,-0.29322544323689925
78000.0,4.870671794135954,4.579745045339223,-0.2909267487967311
78060.0,4.85429391304098,4.565700670122169,-0.28859324291881094
78120.0,4.838037879267751,4.5518126070419385,-0.2862252722258125
78180.0,4.821902280158114,4.538079094661953,-0.2838231854961615
78240.0,4.8058857224694025,4.524498388644133,-0.28138733382526926
78300.0,4.789986832035067,4.51106876171616,-0.27891807031890714
78360.0,4.774204253430345,4.497788503016636,-0.276415750413709
78420.0,4.758536649646408,4.484655917982309,-0.2738807316640992
78480.0,4.742982701770667,4.4716693280570325,-0.2713133737136344
78540.0,4.72754110867303,4.458827070342522,-0.2687140383305078
78600.0,4.712210586698608,4.446127497187263,-0.2660830895113451
78660.0,4.696989869367545,4.433568976139213,-0.2634208932283322
78720.0,4.681877707079504,4.421149889451044,-0.2607278176284602
78780.0,4.666872866825211,4.408868633949169,-0.25800423287604257
78840.0,4.651974131902715,4.396723620622652,-0.25525051128006293
78900.0,4.637180301639863,4.384713274448586,-0.252467027191277
78960.0,4.622490191122909,4.372836034228385,-0.24965415689452364
79020.0,4.607902630928008,4.361090351947496,-0.24681227898051183
79080.0,4.593416466862124,4.349474693146476,-0.24394177371564751
79140.0,4.5790305597039,4.337987535996945,-0.24104302370695496
79200.0,4.564743784954095,4.326627371552604,-0.2381164134014906
79260.0,4.550555032587878,4.3153927032290085,-0.23516232935886983
79320.0,4.5364632068139965,4.30428204679265,-0.23218116002134614
79380.0,4.522467225836517,4.2932939299535064,-0.22917329588301083
79440.0,4.508566021622596,4.282426892183139,-0.22613912943945724
79500.0,4.4947585396745415,4.271679484554625,-0.22307905511991688
79560.0,4.481043738805588,4.261050269466068,-0.2199934693395198
79620.0,4.467420590920104,4.250537820469617,-0.21688277045048654
79680.0,4.453888080798597,4.24014072200589,-0.21374735879270723
79740.0,4.440445205885519,4.229857569222077,-0.21058763666344227
79800.0,4.427090976082906,4.219686967899179,-0.20740400818372695
79860.0,4.4138244135455285,4.209627534044557,-0.2041968795009712
79920.0,4.400644552481556,4.199677893790067,-0.2009666586914891
79980.0,4.3875504389564925,4.189836683235626,-0.19771375572086658
80040.0,4.3745411307009165,4.180102548303694,-0.19443858239722278
80100.0,4.361615696920271,4.170474144360924,-0.19114155255934762
80160.0,4.3487732181112815,4.160950136392785,-0.1878230817184967
80220.0,4.336012785877454,4.15152919830507,-0.1844835875723838
80280.0,4.323333502752443,4.1422100133640924,-0.18112348938835066
80340.0,4.310734482022619,4.13299127352002,-0.17774320850259961
80400.0,4.29821484755588,4.12387167955967,-0.1743431679962102
80460.0,4.285773733631443,4.114849940800923,-0.1709237928305205
80520.0,4.273410284773766,4.105924774932646,-0.16748550984111965
80580.0,4.261123655589362,4.097094907985593,-0.16402874760376918
80640.0,4.248913010605553,4.088359073928586,-0.16055393667696638
80700.0,4.236777524114284,4.079716014966834,-0.1570615091474501
80760.0,4.224716380015059,4.071164480832522,-0.15355189918253753
80820.0,4.212728771664507,4.062703229035833,-0.15002554262867385
80880.0,4.200813901726166,4.0543310246685,-0.14648287705766627
80940.0,4.188970982023449,4.046046640152781,-0.1429243418706676
81000.0,4.177199233395212,4.037848855172342,-0.13935037822287022
81060.0,4.165497885554148,4.029736456599494,-0.1357614289546536
81120.0,4.153866176946709,4.021708238240535,-0.13215793870617354
81180.0,4.142303354616211,4.013763000773906,-0.1285403538423049
81240.0,4.130808674068556,4.005899551735638,-0.12490912233291773
81300.0,4.119381399138573,3.998116705199209,-0.12126469393936379
81360.0,4.108020801860535,3.9904132817791833,-0.11760752008135178
81420.0,4.096726162340025,3.9827881085439003,-0.11393805379612498
81480.0,4.085496768627268,3.9752400188044703,-0.11025674982279732
81540.0,4.074331916594001,3.9677678520674817,-0.1065640645265189
81600.0,4.06323090981078,3.9603704538967577,-0.10286045591402271
81660.0,4.0521930594285145,3.9530466759752017,-0.09914638345331284
81720.0,4.041217684058473,3.945795375642774,-0.09542230841569843
81780.0,4.030304109658286,3.938615416183893,-0.09168869347439301
81840.0,4.019451669416462,3.931505666445446,-0.08794600297101596
81900.0,4.008659703641095,3.924465000971395,-0.0841947026697003
81960.0,3.997927559648832,3.917492299766309,-0.08043525988252309
82020.0,3.987254591655955,3.910586448153481,-0.07666814350247408
82080.0,3.9766401606717463,3.9037463367931196,-0.07289382387862675
82140.0,3.966083634394042,3.8969708617878496,-0.06911277260619242
82200.0,3.955584387103318,3.8902589240278758,-0.06532546307544207
82260.0,3.945141799563379,3.8836094298167154,-0.06153236974666365
82320.0,3.9347552589186754,3.877021290223638,-0.05773396869503733
82380.0,3.924424158597103,3.870493421371066,-0.05393073722603736
82440.0,3.914147898210961,3.8640247440453095,-0.050123154165651496
82500.0,3.903925883463067,3.857614184002159,-0.04631169946090763
82560.0,3.893757526050668,3.851260671584896,-0.04249685446577178
82620.0,3.8836422435732585,3.8449631417825003,-0.038679101790758175
82680.0,3.873579459440912,3.8387205341750814,-0.034858925265830454
82740.0,3.863568602783803,3.832531792802911,-0.03103680998089242
82800.0,3.853609108363514,3.826395866155508,-0.027213242208005806
82860.0,3.843700416485964,3.8203117071971064,-0.023388709288857612
82920.0,3.833841972913481,3.814278272984666,-0.019563699928815126
82980.0,3.8240332287824073,3.808294525137171,-0.015738703645236107
83040.0,3.8142736405166353,3.802359429275384,-0.011914211241251138
83100.0,3.804562669746813,3.79647195526195,-0.008090714484862982
83160.0,3.794899783228315,3.7906310770558775,-0.004268706172437575
83220.0,3.785284452760546,3.784835772632505,-0.0004486801280410013
83280.0,3.775716155109352,3.779085024161759,0.003368869052406964
83340.0,3.7661943719266606,3.773377817520668,0.007183445594007409
83400.0,3.756718589676001,3.7677131427335553,0.010994553057554146
83460.0,3.747288299554834,3.7620899936082424,0.014801694053408365
83520.0,3.737902997420733,3.756507367856102,0.01860437043536889
83580.0,3.728562183717271,3.750964267004747,0.02240208328747606
83640.0,3.71926536340084,3.74545969625251,0.026194332851670055
83700.0,3.7100120458698553,3.739992664726742,0.029980618856886743
83760.0,3.7008017448926553,3.73456218514184,0.033760440249184676
83820.0,3.6916339785382783,3.729167273908388,0.03753329537010952
83880.0,3.682508269107001,3.723806951093138,0.041298681986137176
83940.0,3.6734241430631327,3.718480240473582,0.04505609741044925
84000.0,3.664381130966522,3.7131861693596875,0.0488050383931653
84060.0,3.6553787674066567,3.7079237686375563,0.05254500123089967
84120.0,3.646416590937219,3.7026920727585093,0.056275481821290274
84180.0,3.6374941440113018,3.6974901197354484,0.05999597572414661
84240.0,3.6286109729173024,3.692316951121029,0.06370597820372659
84300.0,3.6197666277156593,3.6871716119276243,0.06740498421196506
84360.0,3.610960662176621,3.6820531506673433,0.07109248849072225
84420.0,3.6021926337183667,3.6769606193374784,0.07476798561911169
84480.0,3.5934621033465666,3.671893073453248,0.07843097010668121
84540.0,3.584768635593079,3.666849571844068,0.08208093625098911
84600.0,3.576111798457718,3.661829176970059,0.08571737851234085
84660.0,3.5674911633481248,3.656830954547331,0.08933979119920643
84720.0,3.5589063050225427,3.6518539738390245,0.09294766881648187
84780.0,3.55035680153201,3.646897307546169,0.09654050601415909
84840.0,3.541842234162533,3.6419600316876313,0.10011779752509842
84900.0,3.533362187380304,3.6370412258111173,0.10367903843081328
84960.0,3.52491624877484,3.6321399728767574,0.10722372410191738
85020.0,3.516504009003963,3.627255359206174,0.11075135020221083
85080.0,3.5081250617395625,3.6223864745734318,0.11426141283386926
85140.0,3.499779003613591,3.617532412230503,0.11775340861691186
85200.0,3.4914654341641724,3.6126922688054037,0.1212268346412313
85260.0,3.4831839557830246,3.6078651444186107,0.12468118863558608
85320.0,3.474934173662794,3.603050142621214,0.12811596895841992
85380.0,3.466715695745082,3.5982463704349357,0.13153067468985347
85440.0,3.458528132669203,3.5934529383230256,0.1349248056538226
85500.0,3.4503710977209785,3.588668960313953,0.1382978625929745
85560.0,3.4422442067820618,3.583893553855887,0.14164934707382537
85620.0,3.434147078280212,3.5791258399585786,0.14497876167836665
85680.0,3.426079333138812,3.5743649430951336,0.14828560995632145
85740.0,3.4180405947289603,3.569609991434845,0.15156939670588487
85800.0,3.4100304888190185,3.564860116544878,0.15482962772585962
85860.0,3.402048643527092,3.560114453670394,0.15806581014330234
85920.0,3.39409468927268,3.5553721416799817,0.1612774524073015
85980.0,3.386168258728811,3.5506323230110866,0.16446406428227567
86040.0,3.378268986774575,3.545894143782789,0.16762515700821368
86100.0,3.3703965104482045,3.5411567538030795,0.17076024335487494
86160.0,3.3625504689002965,3.5364193065870495,0.17386883768675299
86220.0,3.354730503347228,3.5316809593932703,0.17695045604604243
86280.0,3.346936257024815,3.5269408732019656,0.18000461617715047
86340.0,3.3391673751427144,3.522198212795047,0.1830308376523324
