time_s,hc_true,hc_pred,hc_residual
0.0,0.7419014072709333,0.5587902750078108,-0.1831111322631226
60.0,0.6942722205837965,0.5277186698180525,-0.16655355076574396
120.0,0.6927608948189324,0.5270005632617158,-0.1657603315572166
180.0,0.6947432362838727,0.5284238149018475,-0.16631942138202516
240.0,0.6968866685318928,0.5299558938656882,-0.16693077466620465
300.0,0.6989815679781887,0.5314682427948869,-0.16751332518330175
360.0,0.7010161073691781,0.5329528950879261,-0.16806321228125198
420.0,0.7029908598663118,0.5344095251378778,-0.16858133472843406
480.0,0.7049071311146039,0.5358382944831954,-0.16906883663140848
540.0,0.7067662202846389,0.5372393939614649,-0.16952682632317395
600.0,0.7085693754694039,0.5386130141182641,-0.16995636135113978
660.0,0.7103177934925603,0.5399593432994896,-0.17035845019307072
720.0,0.7120126224138413,0.5412785675553355,-0.1707340548585058
780.0,0.713654964039977,0.5425708706618988,-0.17108409337807817
840.0,0.7152458762785928,0.5438364341491598,-0.171409442129433
900.0,0.7167863753368823,0.5450754373314447,-0.17171093800543757
960.0,0.7182774377766318,0.5462880573370019,-0.17198938043962986
1020.0,0.7197200024368166,0.5474744691368564,-0.17224553329996017
1080.0,0.7211149722338818,0.5486348455740003,-0.17248012665988144
1140.0,0.7224632158489982,0.5497693573910569,-0.17269385845794127
1200.0,0.7237655693106821,0.5508781732597179,-0.17288739605096426
1260.0,0.725022837480593,0.5519614598084611,-0.17306137767213192
1320.0,0.7262357954494822,0.5530193816503288,-0.17321641379915342
1380.0,0.7274051898496963,0.5540521014114715,-0.17335308843822472
1440.0,0.7285317400902238,0.5550597797576821,-0.17347196033254175
1500.0,0.7296161395196503,0.5560425754223199,-0.17357356409733038
1560.0,0.7306590565219012,0.5570006452331169,-0.17365841128878434
1620.0,0.7316611355495302,0.5579341441384194,-0.1737269914111108
1680.0,0.7326229980984286,0.5588432252363099,-0.17377977286211865
1740.0,0.733545243628305,0.559728039797275,-0.17381720383102994
1800.0,0.7344284504318626,0.5605887372935298,-0.1738397131383328
1860.0,0.7352731764565157,0.561425465423845,-0.17384771103267072
1920.0,0.7360799600814145,0.5622383701390661,-0.17384158994234844
1980.0,0.7368493208525008,0.5630275956677778,-0.17382172518472294
2040.0,0.7375817601784134,0.5637932845424412,-0.17378847563597222
2100.0,0.7382777619894622,0.5645355776240717,-0.17374218436539046
2160.0,0.7389377933620153,0.5652546141258723,-0.17368317923614296
2220.0,0.739562305110119,0.5659505316402376,-0.17361177346988144
2280.0,0.7401517323466679,0.5666234661615579,-0.17352826618510997
2340.0,0.7407064950155081,0.5672735521106493,-0.17343294290485878
2400.0,0.7412269983962698,0.5679009223596256,-0.17332607603664418
2460.0,0.7417136335835877,0.5685057082541698,-0.17320792532941787
2520.0,0.742166777941838,0.5690880396388639,-0.17307873830297416
2580.0,0.7425867955370623,0.5696480448792385,-0.17293875065782383
2640.0,0.7429740375470348,0.5701858508850344,-0.17278818666200046
2700.0,0.7433288426507448,0.5707015831334762,-0.17262725951726865
2760.0,0.7436515373983902,0.571195365691873,-0.17245617170651717
2820.0,0.7439424365628199,0.5716673212393546,-0.1722751153234653
2880.0,0.7442018434733715,0.5721175710898767,-0.17208427238349477
2940.0,0.7444300503330143,0.5725462352136262,-0.1718838151193881
3000.0,0.7446273385195594,0.5729534322590675,-0.17167390626049195
3060.0,0.7447939788717522,0.5733392795737083,-0.1714546992980439
3120.0,0.7449302319608354,0.5737038932268771,-0.17122633873395832
3180.0,0.7450363483485264,0.5740473880281105,-0.17098896032041588
3240.0,0.7451125688315365,0.5743698775507676,-0.1707426912807689
3300.0,0.7451591246738126,0.5746714741506844,-0.1704876505231282
3360.0,0.7451762378265128,0.5749522889873822,-0.1702239488391306
3420.0,0.7451641211365713,0.5752124320432582,-0.16995168909331304
3480.0,0.7451229785441298,0.5754520121442677,-0.16967096639986212
3540.0,0.7450530052693347,0.5756711369789174,-0.16938186829041735
3600.0,0.7449543879889347,0.5758699131183392,-0.1690844748705954
3660.0,0.7448273050030557,0.5760484460342395,-0.16877885896881617
3720.0,0.7446719263923979,0.5762068401191195,-0.16846508627327839
3780.0,0.7444884141663829,0.5763451987036953,-0.16814321546268762
3840.0,0.7442769224023682,0.5764636240761851,-0.16781329832618308
3900.0,0.7440375973763156,0.5765622175002647,-0.16747537987605088
3960.0,0.743770577685161,0.5766410792322536,-0.16712949845290737
4020.0,0.7434759943610739,0.5767003085405523,-0.1667756858205216
4080.0,0.7431539709779438,0.5767400037212146,-0.1664139672567292
4140.0,0.7428046237501563,0.5767602621160373,-0.16604436163411906
4200.0,0.7424280616239064,0.5767611801304656,-0.16566688149344078
4260.0,0.7420243863613197,0.576742853248643,-0.16528153311267668
4320.0,0.7415936926173247,0.576705376051051,-0.16488831656627367
4380.0,0.7411360680095833,0.5766488422304675,-0.1644872257791158
4440.0,0.7406515931815344,0.576573344608354,-0.16407824857318043
4500.0,0.7401403418586318,0.5764789751508369,-0.16366136670779485
4560.0,0.7396023808979862,0.5763658249838158,-0.1632365559141704
4620.0,0.7390377703313238,0.5762339844082225,-0.1628037859231013
4680.0,0.7384465634013955,0.5760835429163141,-0.16236302048508133
4740.0,0.7378288065919515,0.5759145892055345,-0.16191421738641698
4800.0,0.7371845396512278,0.5757272111936086,-0.16145732845761918
4860.0,0.7365137956089703,0.575521496033656,-0.16099229957531436
4920.0,0.7358166007871227,0.5752975301268847,-0.16051907066023807
4980.0,0.7350929748039126,0.575055399138247,-0.16003757566566557
5040.0,0.734342930571638,0.574795188009932,-0.159547742561706
5100.0,0.7335664742879285,0.5745169809740774,-0.1590494933138511
5160.0,0.7327636054203815,0.5742208615676515,-0.15854274385273004
5220.0,0.7319343166847483,0.573906912643441,-0.15802740404130733
5280.0,0.7310785940162744,0.5735752163856693,-0.15750337763060507
5340.0,0.7301964165344317,0.5732258543205467,-0.15697056221388495
5400.0,0.7292877565006936,0.5728589073294229,-0.15642884917127065
5460.0,0.7283525792692801,0.5724744556619571,-0.155878123607323
5520.0,0.7273908432309166,0.5720725789463048,-0.15531826428461182
5580.0,0.7264024997490935,0.5716533562032211,-0.15474914354587244
5640.0,0.7253874930890828,0.57121686585517,-0.15417062723391284
5700.0,0.7243457603390924,0.5707631857400499,-0.15358257459904245
5760.0,0.7232772313237434,0.5702923931204804,-0.15298483820326303
5820.0,0.7221818285093092,0.5698045646962446,-0.1523772638130646
5880.0,0.7210594669007271,0.5692997766136451,-0.15175969028708203
5940.0,0.7199100539298492,0.5687781044773104,-0.15113194945253883
6000.0,0.7187334893349736,0.5682396233588543,-0.15049386597611936
6060.0,0.7175296650309183,0.5676844078084615,-0.14984525722245678
6120.0,0.7162984649696827,0.5671125318638089,-0.1491859331058738
6180.0,0.7150397649910591,0.5665240690603257,-0.14851569593073344
6240.0,0.713753432662949,0.5659190924391951,-0.14783434022375386
6300.0,0.7124393271107472,0.5652976745583841,-0.1471416525523631
6360.0,0.7110972988356346,0.5646598875003133,-0.1464374113353213
6420.0,0.7097271895209901,0.5640058028799659,-0.1457213866410242
6480.0,0.7083288318264149,0.5633354918551934,-0.14499333997122155
6540.0,0.7069020491690642,0.5626490251327598,-0.14425302403630436
6600.0,0.7054466554911794,0.561946472978665,-0.1435001825125144
6660.0,0.7039624550136835,0.5612279052237271,-0.14273454978995637
6720.0,0.7024492419746162,0.5604933912720105,-0.14195585070260575
6780.0,0.700906800352004,0.5597430001080221,-0.1411638002439819
6840.0,0.6993349035700785,0.5589768003038535,-0.140358103266225
6900.0,0.6977333141881369,0.5581948600253253,-0.13953845416281163
6960.0,0.6961017835708612,0.5573972470394865,-0.1387045365313747
7020.0,0.694440051539295,0.5565840287197439,-0.13785602281955112
7080.0,0.6927478460010796,0.5557552720531985,-0.1369925739478811
7140.0,0.6910248825590741,0.5549110436446535,-0.13611383891442064
7200.0,0.6892708640966386,0.5540514097232785,-0.13521945437336014
7260.0,0.6874854803385878,0.5531764361475988,-0.134309044190989
7320.0,0.6856684073860065,0.5522861884105221,-0.1333822189754844
7380.0,0.6838193072234351,0.5513807316438154,-0.1324385755796197
7440.0,0.6819378271966137,0.5504601306213447,-0.13147769657526898
7500.0,0.6800235994587969,0.5495244497658601,-0.13049914969293674
7560.0,0.6780762403837769,0.5485737531499917,-0.1295024872337852
7620.0,0.6760953499431201,0.5476081045011347,-0.12848724544198542
7680.0,0.6740805110453906,0.5466275672042243,-0.12745294384116623
7740.0,0.672031288834623,0.5456322043046609,-0.12639908452996218
7800.0,0.6699472299451967,0.5446220785108292,-0.1253251514343675
7860.0,0.6678278617100957,0.5435972521959488,-0.12423060951414688
7920.0,0.6656726913190752,0.5425577874002105,-0.1231149039188647
7980.0,0.6634812049231158,0.5415037458313194,-0.12197745909179636
8040.0,0.6612528666811106,0.5404351888681949,-0.12081767781291575
8100.0,0.6589871177446527,0.5393521775576725,-0.11963494018698018
8160.0,0.6566833751757086,0.5382547726180816,-0.118428602557627
8220.0,0.6543410307925325,0.5371430344371161,-0.11719799635541639
8280.0,0.6519594499375867,0.5360170230733503,-0.11594242686423639
8340.0,0.6495379701617655,0.5348767982513883,-0.11466117191037717
8400.0,0.6470758998174643,0.5337224193655818,-0.11335348045188243
8460.0,0.6445725165537056,0.5325539454731615,-0.11201857108054414
8520.0,0.6420270657042971,0.5313714352952843,-0.11065563040901283
8580.0,0.6394387585606207,0.530174947211281,-0.10926381134933971
8640.0,0.6368067705184032,0.5289645392572565,-0.10784223126114667
8700.0,0.6341302390879295,0.5277402691201742,-0.1063899699677553
8760.0,0.6314082617549579,0.5265021941347996,-0.1049060676201583
8820.0,0.6286398936792286,0.5252503712751916,-0.10338952240403698
8880.0,0.6258241452149667,0.5239848571526741,-0.10183928806229259
8940.0,0.6229599792373027,0.5227057080043894,-0.1002542712329133
9000.0,0.6200463082552238,0.5214129796895448,-0.09863332856567897
9060.0,0.6170819912910503,0.5201067276778073,-0.09697526361324305
9120.0,0.6140658305025659,0.5187870070416114,-0.09527882346095451
9180.0,0.6109965675223339,0.5174538724447659,-0.09354269507756796
9240.0,0.6078728794847515,0.5161073781320695,-0.09176550135268202
9300.0,0.604693374708334,0.51474757791522,-0.08994579679311399
9360.0,0.6014565879962932,0.513374525160323,-0.0880820628359702
9420.0,0.5981609755138639,0.5119882727722322,-0.08617270274163169
9480.0,0.5948049091954366,0.5105888731789676,-0.08421603601646899
9540.0,0.5913866706282425,0.5091763783128056,-0.08221029231543686
9600.0,0.5879044443520028,0.5077508395912924,-0.08015360476071043
9660.0,0.5843563105056766,0.5063123078972417,-0.07804400260843491
9720.0,0.5807402367427507,0.5048608335528899,-0.07587940318986075
9780.0,0.5770540693246491,0.5033964662984202,-0.07365760302622892
9840.0,0.5732955232891785,0.5019192552621939,-0.0713762680269846
9900.0,0.5694621715746625,0.5004292489312562,-0.06903292264340632
9960.0,0.5655514329620787,0.49892649511995485,-0.06662493784212381
10020.0,0.5615605586760236,0.49741104093326255,-0.06414951774276106
10080.0,0.5574866174586912,0.4958829327293208,-0.06160368472937039
10140.0,0.5533264789009855,0.49434221607607487,-0.05898426282491065
10200.0,0.5490767947769322,0.49278893570588256,-0.056287859071049606
10260.0,0.5447339780840647,0.4912231354646322,-0.05351084261943245
10320.0,0.5402941794379061,0.48964485825498527,-0.05064932118292087
10380.0,0.5357532604040399,0.48805414597717517,-0.04769911442686475
10440.0,0.5311067632718424,0.4864510394598245,-0.04465572381201788
10500.0,0.5263498766761403,0.4848355783848736,-0.04151429829126668
10560.0,0.5214773963536242,0.48320780120876444,-0.03826959514485978
10620.0,0.5164836801718768,0.48156774506629507,-0.034915935105581775
10680.0,0.511362596383013,0.4799154456705138,-0.03144715071249915
10740.0,0.5061074638211837,0.4782509372000834,-0.027856526621100275
10800.0,0.5007109824683861,0.47657425217147525,-0.024136730296910824
10860.0,0.4951651524371147,0.4748854212939144,-0.020279731143200252
10920.0,0.4894611789360922,0.47318447331276814,-0.01627670562332406
10980.0,0.4835893601606166,0.4714714348220684,-0.012117925338548219
11040.0,0.4775389542315227,0.4697463300609205,-0.007792624170602225
11100.0,0.4712980202291315,0.4680091806724588,-0.003288839556672696
11160.0,0.4648532269290717,0.46626000543738294,0.0014067785083112239
11220.0,0.458189620906929,0.4644988199524603,0.0063091990455312885
11280.0,0.451290343025893,0.46272563627065355,0.011435293244760558
11340.0,0.3985722517369737,0.4505702087269902,0.051997956990016525
11400.0,0.4363799152832401,0.45906305077621284,0.02268313549297274
11460.0,0.385253392094205,0.4480448793475286,0.06279148725332362
11520.0,0.4206762234337733,0.4554585202147403,0.034782296780967004
11580.0,0.3707343667958065,0.4454722102326572,0.07473784343685069
11640.0,0.4035036462891497,0.45180197145638873,0.04829832516723903
11700.0,0.354758418500894,0.4428534629573979,0.0880950444565039
11760.0,0.3846609566198357,0.44811739768495373,0.06345644106511805
11820.0,0.3370671552770002,0.4402007332757385,0.10313357799873829
11880.0,0.3634637058785769,0.44437224397149394,0.08090853809291704
11940.0,0.3169683803747858,0.43749648870184565,0.12052810832705985
12000.0,0.3391341908245299,0.4405703041837261,0.10143611335919622
12060.0,0.293532635717478,0.4347381827968376,0.14120554707935962
12120.0,0.3103100644620867,0.4367107542037034,0.12640068974161672
12180.0,0.2650691944596272,0.4319221783632889,0.1668529839036617
12240.0,0.2485189088311219,0.43053474880426834,0.18201583997314644
12300.0,0.2283786419283464,0.4290759281759977,0.20069728624765132
12360.0,0.2035899515865511,0.42759976518058673,0.22400981359403563
12420.0,0.0,0.4261037139811336,0.4261037139811336
12480.0,0.0,0.4246041084788542,0.4246041084788542
12540.0,0.0,0.4229991477752052,0.4229991477752052
12600.0,0.0,0.42138391629939004,0.42138391629939004
12660.0,0.0,0.4197584804473632,0.4197584804473632
12720.0,0.0,0.4163999051363367,0.4163999051363367
12780.0,0.0,0.41647730221980567,0.41647730221980567
12840.0,0.0,0.4121317165256118,0.4121317165256118
12900.0,0.0,0.4099941879575108,0.4099941879575108
12960.0,0.0,0.4078337590749718,0.4078337590749718
13020.0,0.0,0.40566165402038973,0.40566165402038973
13080.0,0.0,0.4034778988544119,0.4034778988544119
13140.0,0.0,0.40128258552125984,0.40128258552125984
13200.0,0.0,0.3990758055851343,0.3990758055851343
13260.0,0.0,0.3968576506794266,0.3968576506794266
13320.0,0.0,0.3946282125050602,0.3946282125050602
13380.0,0.0,0.3923875828283578,0.3923875828283578
13440.0,0.0,0.3901358534795448,0.3901358534795448
13500.0,0.0,0.387873116357627,0.387873116357627
13560.0,0.0,0.3856240194140153,0.3856240194140153
13620.0,0.0,0.383362898524215,0.383362898524215
13680.0,0.0,0.38109224292248706,0.38109224292248706
13740.0,0.0,0.3788121034949115,0.3788121034949115
13800.0,0.0,0.3765225705264405,0.3765225705264405
13860.0,0.0,0.3742237336497329,0.3742237336497329
13920.0,0.0,0.3719156825261238,0.3719156825261238
13980.0,0.0,0.36959850683485485,0.36959850683485485
14040.0,0.0,0.36727229627313746,0.36727229627313746
14100.0,0.0,0.3649371405520266,0.3649371405520266
14160.0,0.0,0.3625931293989511,0.3625931293989511
14220.0,0.0,0.3602403525573187,0.3602403525573187
14280.0,0.0,0.35787889978186194,0.35787889978186194
14340.0,0.0,0.35550886084188865,0.35550886084188865
14400.0,0.0,0.3531303255191032,0.3531303255191032
14460.0,0.0,0.35074338360394014,0.35074338360394014
14520.0,0.0,0.34834812490002637,0.34834812490002637
14580.0,0.0,0.34594463921894564,0.34594463921894564
14640.0,0.0,0.3435330163803194,0.3435330163803194
14700.0,0.0,0.34111334621204137,0.34111334621204137
14760.0,0.0,0.33868571854797996,0.33868571854797996
14820.0,0.0,0.33625022322687503,0.33625022322687503
14880.0,0.0,0.33380695009328193,0.33380695009328193
14940.0,0.0,0.33135598899417285,0.33135598899417285
15000.0,0.0,0.32889742977800107,0.32889742977800107
15060.0,0.0,0.3264313622947549,0.3264313622947549
15120.0,0.0,0.3239578763957521,0.3239578763957521
15180.0,0.0,0.3214770619283304,0.3214770619283304
15240.0,0.0,0.31898900874015446,0.31898900874015446
15300.0,0.0,0.3164938066734529,0.3164938066734529
15360.0,0.0,0.3139915455664978,0.3139915455664978
15420.0,0.0,0.31148231525141923,0.31148231525141923
15480.0,0.0,0.3089662055525114,0.3089662055525114
15540.0,0.0,0.3064433062861275,0.3064433062861275
15600.0,0.0,0.30391370725886685,0.30391370725886685
15660.0,0.0,0.3013774982654244,0.3013774982654244
15720.0,0.0,0.29883476908882467,0.29883476908882467
15780.0,0.0,0.2962856094975504,0.2962856094975504
15840.0,0.0,0.29373010924515686,0.29373010924515686
15900.0,0.0,0.2911683580684243,0.2911683580684243
15960.0,0.0,0.2886004456866018,0.2886004456866018
16020.0,0.0,0.28602646179968483,0.28602646179968483
16080.0,0.0,0.28344649608571443,0.28344649608571443
16140.0,0.0,0.28086063820137974,0.28086063820137974
16200.0,0.0,0.278268977779887,0.278268977779887
16260.0,0.0,0.275671604428444,0.275671604428444
16320.0,0.0,0.2730686077279065,0.2730686077279065
16380.0,0.0,0.2704600772312303,0.2704600772312303
16440.0,0.0,0.2678461024613143,0.2678461024613143
16500.0,0.0,0.2652267729097933,0.2652267729097933
16560.0,0.0,0.2626021780359144,0.2626021780359144
16620.0,0.0,0.25997240726416565,0.25997240726416565
16680.0,0.0,0.2573375499833333,0.2573375499833333
16740.0,0.0,0.2546976955445665,0.2546976955445665
16800.0,0.0,0.25205293326014944,0.25205293326014944
16860.0,0.0,0.24940335240176123,0.24940335240176123
16920.0,0.0,0.2467490421979641,0.2467490421979641
16980.0,0.0,0.24409009183393013,0.24409009183393013
17040.0,0.0,0.24142659045000095,0.24142659045000095
17100.0,0.0,0.23875862713812784,0.23875862713812784
17160.0,0.0,0.23608629094191466,0.23608629094191466
17220.0,0.0,0.23340967085386136,0.23340967085386136
17280.0,0.0,0.2307288558150075,0.2307288558150075
17340.0,0.0,0.22804393471190243,0.22804393471190243
17400.0,0.0,0.2253549963755732,0.2253549963755732
17460.0,0.0,0.2226621295797586,0.2226621295797586
17520.0,0.0,0.21996542303891117,0.21996542303891117
17580.0,0.0,0.21726496540680182,0.21726496540680182
17640.0,0.0,0.214560845274612,0.214560845274612
17700.0,0.0,0.21185315116972842,0.21185315116972842
17760.0,0.0,0.2091419715524287,0.2091419715524287
17820.0,0.0,0.2064273948159803,0.2064273948159803
17880.0,0.0,0.2037095092840554,0.2037095092840554
17940.0,0.0,0.20098840320863415,0.20098840320863415
18000.0,0.0,0.19826416476892925,0.19826416476892925
18060.0,0.0,0.19553688206864706,0.19553688206864706
18120.0,0.0,0.19280664313531676,0.19280664313531676
18180.0,0.0,0.1900735359179984,0.1900735359179984
18240.0,0.0,0.18733764828524224,0.18733764828524224
18300.0,0.0,0.18459906802345635,0.18459906802345635
18360.0,0.0,0.18185788283516335,0.18185788283516335
18420.0,0.0,0.17911418033689064,0.17911418033689064
18480.0,0.0,0.17636804805805317,0.17636804805805317
18540.0,0.0,0.17361957343838283,0.17361957343838283
18600.0,0.0,0.1708688438262459,0.1708688438262459
18660.0,0.0,0.16811594647717729,0.16811594647717729
18720.0,0.0,0.16536096855168464,0.16536096855168464
18780.0,0.0,0.16260399711352605,0.16260399711352605
18840.0,0.0,0.1598451191277912,0.1598451191277912
18900.0,0.0,0.15708442145897158,0.15708442145897158
18960.0,0.0,0.15432199086948925,0.15432199086948925
19020.0,0.0,0.15155791401774585,0.15155791401774585
19080.0,0.0,0.14879227745569082,0.14879227745569082
19140.0,0.0,0.14602516762753598,0.14602516762753598
19200.0,0.0,0.14325667086777777,0.14325667086777777
19260.0,0.0,0.14048687339949695,0.14048687339949695
19320.0,0.0,0.13771586133177513,0.13771586133177513
19380.0,0.0,0.13494372065899707,0.13494372065899707
19440.0,0.0,0.13217053725795833,0.13217053725795833
19500.0,0.0,0.1293963968862374,0.1293963968862374
19560.0,0.0,0.12662138518086957,0.12662138518086957
19620.0,0.0,0.12384558765584211,0.12384558765584211
19680.0,0.0,0.12106908970057544,0.12106908970057544
19740.0,0.0,0.11829197657767414,0.11829197657767414
19800.0,0.0,0.11551433342166756,0.11551433342166756
19860.0,0.0,0.11273624523682733,0.11273624523682733
19920.0,0.0,0.10995779689482031,0.10995779689482031
19980.0,0.0,0.10717907313405756,0.10717907313405756
20040.0,0.0,0.10440015855617517,0.10440015855617517
20100.0,0.0,0.10162113762565955,0.10162113762565955
20160.0,0.0,0.09884209466760338,0.09884209466760338
20220.0,0.0,0.09606311386496072,0.09606311386496072
20280.0,0.0,0.09328427925786714,0.09328427925786714
20340.0,0.0,0.09050567474122286,0.09050567474122286
20400.0,0.0,0.08772738406259778,0.08772738406259778
20460.0,0.0,0.08494949082131752,0.08494949082131752
20520.0,0.0,0.08217207846531555,0.08217207846531555
20580.0,0.0,0.07939523029056274,0.07939523029056274
20640.0,0.0,0.07661902943793814,0.07661902943793814
20700.0,0.0,0.07384355889275578,0.07384355889275578
20760.0,0.0,0.07106890148195744,0.07106890148195744
20820.0,0.0,0.06829513987237822,0.06829513987237822
20880.0,0.0,0.06552235656954217,0.06552235656954217
20940.0,0.0,0.06275063391509586,0.06275063391509586
21000.0,0.0,0.05998005408549205,0.05998005408549205
21060.0,0.0,0.05721069908974246,0.05721069908974246
21120.0,0.0,0.054442650768093646,0.054442650768093646
21180.0,0.0,0.051675990789828284,0.051675990789828284
21240.0,0.0,0.0489108006516301,0.0489108006516301
21300.0,0.0,0.04614716167592792,0.04614716167592792
21360.0,0.0,0.043385155008546734,0.043385155008546734
21420.0,0.0,0.04062486161784441,0.04062486161784441
21480.0,0.0,0.03786636229190841,0.03786636229190841
21540.0,0.0,0.035109737637524875,0.035109737637524875
21600.0,0.0,0.03235506807799892,0.03235506807799892
21660.0,0.0,0.02927379341219203,0.02927379341219203
21720.0,0.0,0.026820383529675737,0.026820383529675737
21780.0,0.0,0.02483008664488819,0.02483008664488819
21840.0,0.0,0.02332501001896469,0.02332501001896469
21900.0,0.0,0.02229680192430841,0.02229680192430841
21960.0,0.0,0.021741872870504598,0.021741872870504598
22020.0,0.0,0.021655850749083473,0.021655850749083473
22080.0,0.0,0.02203442468453738,0.02203442468453738
22140.0,0.0,0.022873219117662266,0.022873219117662266
22200.0,0.0,0.02416780995093199,0.02416780995093199
22260.0,0.0,0.02591372055763484,0.02591372055763484
22320.0,0.0,0.028106420448611724,0.028106420448611724
22380.0,0.0,0.030741323538480216,0.030741323538480216
22440.0,0.0,0.03381378641853163,0.03381378641853163
22500.0,0.0,0.03731910660527283,0.03731910660527283
22560.0,0.0,0.04125252078420332,0.04125252078420332
22620.0,0.0,0.045609203069130556,0.045609203069130556
22680.0,0.0,0.05038426329544789,0.05038426329544789
22740.0,0.0,0.055572745371958304,0.055572745371958304
22800.0,0.0,0.06116962571631574,0.06116962571631574
22860.0,0.0,0.06716981180135449,0.06716981180135449
22920.0,0.0,0.07356814084401314,0.07356814084401314
22980.0,0.0,0.0803462270516798,0.0803462270516798
23040.0,0.0,0.08752586576009931,0.08752586576009931
23100.0,0.0,0.09509924433940126,0.09509924433940126
23160.0,0.0,0.10306097160169166,0.10306097160169166
23220.0,0.0,0.10008854310897157,0.10008854310897157
23280.0,0.0,0.11969455194955103,0.11969455194955103
23340.0,0.0,0.10882412253687762,0.10882412253687762
23400.0,0.0,0.13750387628725055,0.13750387628725055
23460.0,0.0,0.14814912710587552,0.14814912710587552
23520.0,0.0,0.15828140865778262,0.15828140865778262
23580.0,0.0,0.1687011998361179,0.1687011998361179
23640.0,0.0,0.17944833420158623,0.17944833420158623
23700.0,0.0,0.19051976617578814,0.19051976617578814
23760.0,0.0,0.2019096137887769,0.2019096137887769
23820.0,0.0,0.2136117463813351,0.2136117463813351
23880.0,0.0,0.2256199802958933,0.2256199802958933
23940.0,0.0,0.23792810239232956,0.23792810239232956
24000.0,0.0,0.2505298805479626,0.2505298805479626
24060.0,0.0,0.263419073876968,0.263419073876968
24120.0,0.0,0.27658944380441547,0.27658944380441547
24180.0,0.0,0.2900347660546765,0.2900347660546765
24240.0,0.3094937046731994,0.30374884357037457,-0.00574486110282485
24300.0,0.4171584246635025,0.3176632207386227,-0.09949520392487982
24360.0,0.4860760637332441,0.33121994595252,-0.15485611778072406
24420.0,0.539497694516966,0.3446774843799543,-0.19482021013701173
24480.0,0.5841521935319449,0.35811828395139134,-0.22603390958055358
24540.0,0.6230169752871028,0.3715662084531685,-0.25145076683393425
24600.0,0.6577079878775092,0.3850263944671364,-0.2726815934103728
24660.0,0.6892144873723072,0.3984971620234867,-0.2907173253488205
24720.0,0.7181921440108469,0.41197402205091765,-0.3062181219599292
24780.0,0.7451009368129979,0.42545130777861034,-0.3196496290343876
24840.0,0.7702777570934902,0.43892297138087544,-0.3313547857126148
24900.0,0.793977882309804,0.4523830296172328,-0.3415948526925712
24960.0,0.8164001819778611,0.4658258352879242,-0.3505743466899369
25020.0,0.8377032033426938,0.4792462493280966,-0.35845695401459715
25080.0,0.8580158505333181,0.4926397493779567,-0.3653761011553614
25140.0,0.8774447093747555,0.5060024938709721,-0.3714422155037834
25200.0,0.8960792106845462,0.5193313528231766,-0.37674785786136966
25260.0,0.9139953554426208,0.5326239126026442,-0.3813714428399766
25320.0,0.9312584567211084,0.5458784599625994,-0.385379996758509
25380.0,0.9479251935260876,0.5590939495662088,-0.3888312439598788
25440.0,0.9640451733672248,0.5722699586393857,-0.39177521472783916
25500.0,0.979662137976777,0.5854066320084106,-0.39425550596836645
25560.0,0.9948149059273996,0.5985046204841886,-0.396310285443211
25620.0,1.0095381187350196,0.6115650152630917,-0.39797310347192794
25680.0,1.023862838488721,0.6245892807183391,-0.39927355777038187
25740.0,1.037817032139293,0.6375791876217324,-0.4002378445175606
25800.0,1.0514259684291904,0.6505367484968223,-0.40088921993236815
25860.0,1.0647125468654663,0.6634641564502325,-0.40124839041523386
25920.0,1.0776975733393166,0.6763637284879153,-0.40133384485140133
25980.0,1.0903999934610304,0.6892378540048327,-0.4011621394561977
26040.0,1.1028370920518962,0.7020889488489512,-0.40074814320294494
26100.0,1.1150246652687057,0.7149194151163636,-0.4001052501523421
26160.0,1.1269771703584344,0.7277316066282984,-0.399245563730136
26220.0,1.138707856924241,0.7405277998862408,-0.3981800570380002
26280.0,1.150228882739554,0.7533101701800068,-0.39691871255954714
26340.0,1.1615514165055072,0.7660807724453753,-0.3954706440601319
26400.0,1.1726857294590272,0.778841526420205,-0.39384420303882217
26460.0,1.1836412773667868,0.7915942056250144,-0.39204707174177245
26520.0,1.194426774154588,0.8043404296951969,-0.39008634445939105
26580.0,1.2050502582021505,0.8170816596059287,-0.3879685985962218
26640.0,1.2155191521628037,0.8298191953578147,-0.38569995680498903
26700.0,1.225840317033967,0.8425541757252804,-0.38328614130868655
26760.0,1.2360201010992458,0.8552875797059505,-0.3807325213932953
26820.0,1.246064384278042,0.868020229349769,-0.3780441549282729
26880.0,1.2559786183504242,0.8807527936848779,-0.3752258246655463
26940.0,1.265767863468385,0.8934857934950752,-0.3722820699733099
27000.0,1.2754368213176093,0.9062196067378429,-0.3692172145797664
27060.0,1.284989865253821,0.9189544744249873,-0.36603539082883363
27120.0,1.294431067703697,0.9316905068156864,-0.36274056088801054
27180.0,1.3037642250903292,0.9444276897983909,-0.3593365352919383
27240.0,1.312992880517438,0.9571658913593931,-0.3558269891580449
27300.0,1.3221203444231322,0.969904868056143,-0.35221547636698924
27360.0,1.3311497133937973,0.9826442714293424,-0.3485054419644549
27420.0,1.3400838873099925,0.9953836543028864,-0.34470023300710606
27480.0,1.348925584980104,1.0081224769317452,-0.3408031080483589
27540.0,1.357677358402326,1.0208601129682116,-0.3368172454341145
27600.0,1.3663416057822362,1.0335958552258093,-0.33274575055642686
27660.0,1.3749205834212717,1.0463289212259608,-0.3285916621953109
27720.0,1.3834164165802385,1.0590584585185783,-0.32435795806166023
27780.0,1.391831109412163,1.07178354977231,-0.3200475596398529
27840.0,1.4001665540499078,1.0845032176334948,-0.315663336416413
27900.0,1.4084245389257704,1.0972164293555222,-0.31120810957024814
27960.0,1.4166067563929343,1.109922101203075,-0.3066846551898592
28020.0,1.424714809712181,1.122619102636439,-0.30209570707574196
28080.0,1.432750219460955,1.1353062602832698,-0.2974439591776852
28140.0,1.4407144294168712,1.1479823617052416,-0.29273206771162963
28200.0,1.4486088119624303,1.1606461589680666,-0.28796265299436374
28260.0,1.4564346730536206,1.1732963720233962,-0.2831383010302244
28320.0,1.4641932567908438,1.1859316919116831,-0.27826156487916065
28380.0,1.4718857496271898,1.1985507837944278,-0.27333496583276196
28440.0,1.4795132842456182,1.2111522898249392,-0.26836099442067907
28500.0,1.4870769431338164,1.22373483186592,-0.2633421112678964
28560.0,1.4945777618828118,1.2362970140622194,-0.2582807478205924
28620.0,1.502016732232921,1.2488374252766203,-0.25317930695630064
28680.0,1.5093948048884749,1.2613546413966366,-0.24804016349183833
28740.0,1.5167128921209891,1.2738472275193078,-0.24286566460168135
28800.0,1.523971870178289,1.2863137400210476,-0.23765813015724135
28860.0,1.5311725815158646,1.2987527285192493,-0.23241985299661527
28920.0,1.5383158368650556,1.3111627377317239,-0.2271530991333317
28980.0,1.5454024171514598,1.3235423092397973,-0.22186010791166244
29040.0,1.5524330752756466,1.335889983160861,-0.2165430921147855
29100.0,1.5594085377674258,1.348204299735139,-0.21120423803228694
29160.0,1.5663295063235214,1.3604838008319087,-0.20584570549161274
29220.0,1.5731966592382294,1.3727270313793993,-0.20046962785883005
29280.0,1.5800106527350826,1.384932540722847,-0.19507811201223557
29340.0,1.5867721222075797,1.397098883914547,-0.18967323829303262
29400.0,1.593481683375766,1.4092246229396221,-0.18425706043614376
29460.0,1.6001399333652682,1.4213083278809104,-0.17883160548435773
29520.0,1.606747451714529,1.4333485780262485,-0.17339887368828055
29580.0,1.6133048013157556,1.4453439629211322,-0.1679608383946234
29640.0,1.6198125292945122,1.457293083369501,-0.16251944592501122
29700.0,1.626271167832428,1.4691945523851229,-0.1570766154473051
29760.0,1.6326812349372175,1.4810469960963106,-0.15163423884090688
29820.0,1.6390432351639252,1.4928490546058595,-0.14619418055806577
29880.0,1.6453576602907525,1.5045993828084274,-0.14075827748232506
29940.0,1.6516249899528217,1.5162966511673328,-0.1353283387854889
30000.0,1.657845692236804,1.5279395464524888,-0.12990614578431514
30060.0,1.6640202242391586,1.5395267724411899,-0.12449345179796878
30120.0,1.6701490325904922,1.551057050583319,-0.11909198200717319
30180.0,1.6762325539484235,1.5625291206323435,-0.11370343331608002
30240.0,1.68227121546097,1.573941741243562,-0.10832947421740813
30300.0,1.688265435202659,1.585293690540788,-0.10297174466187098
30360.0,1.6942156225849077,1.596583766652603,-0.09763185593230461
30420.0,1.7001221787426517,1.6078107882194106,-0.09231139052324111
30480.0,1.7059854968985797,1.6189735948721418,-0.08701190202643794
30540.0,1.7118059627065347,1.6300710476836433,-0.08173491502289143
30600.0,1.717583954575373,1.6411020295937109,-0.07648192498166217
30660.0,1.7233198439745698,1.6520654458084738,-0.07125439816609602
30720.0,1.729013995722666,1.6629602241749364,-0.06605377154772962
30780.0,1.73466676825972,1.6737853155315685,-0.0608814527281516
30840.0,1.7402785139046522,1.684539694035336,-0.05573881986931606
30900.0,1.7458495790984656,1.695222357466167,-0.05062722163229871
30960.0,1.751380304634258,1.7058323275092553,-0.04554797712500269
31020.0,1.7568710258746911,1.7163686500157704,-0.04050237585892069
31080.0,1.7623220729577949,1.726830395242585,-0.03549167771520989
31140.0,1.7677337709916845,1.737216658071682,-0.030517112920002587
31200.0,1.7731064402390146,1.747526558209484,-0.025579882029530543
31260.0,1.7784403962915034,1.7577592403667062,-0.020681155924797245
31320.0,1.7837359502354142,1.7679138744192895,-0.015822075816124714
31380.0,1.788993408808223,1.7779896555506058,-0.011003753257617266
31440.0,1.7942130745471756,1.7879858043756367,-0.006227270171538901
31500.0,1.7993952459301392,1.797901567047375,-0.0014936788827641934
31560.0,1.804540217509052,1.807736215345757,0.0031959978367051
31620.0,1.809648280036647,1.8174890467498543,0.007840766713207437
31680.0,1.8147197205865304,1.827159384493185,0.01243966390665463
31740.0,1.8197548226671825,1.836746577602999,0.016991754935816505
31800.0,1.824753866330128,1.8462500009236247,0.021496134593496752
31860.0,1.829717128272598,1.855669055124239,0.02595192685164105
31920.0,1.8346448819350096,1.8650031666915063,0.030358284756496712
31980.0,1.839537397593459,1.8742517879072942,0.034714390313835164
32040.0,1.8443949424476307,1.883414396811975,0.039019454364344286
32100.0,1.849217780704217,1.892490497153426,0.04327271644920905
32160.0,1.8540061736561677,1.901479618322205,0.0474734446660372
32220.0,1.858760379758002,1.910381315273227,0.051620935515225064
32280.0,1.8634806546973008,1.9191951684341102,0.05571451373680936
32340.0,1.8681672514626653,1.9279207836007273,0.059753532138062004
32400.0,1.8728204204082888,1.9365577918201333,0.06373737141184455
32460.0,1.8774404093153123,1.9451058492611513,0.06766543994583896
32520.0,1.882027463450106,1.953564637073088,0.07153717362298195
32580.0,1.8865818256197104,1.9619338612327957,0.07535203561308523
32640.0,1.891103736224503,1.9702132523803881,0.07910951615588524
32700.0,1.8955934333082547,1.9784025656438964,0.08280913233564169
32760.0,1.9000511526057016,1.9865015804533224,0.0864504278476208
32820.0,1.9044771275878645,1.9945101003443213,0.09003297275645683
32880.0,1.9088715895049728,2.0024279527515905,0.09355636324661765
32940.0,1.9132347674274488,2.0102549887928154,0.09702022136536659
33000.0,1.9175668882847332,2.0179910830429395,0.1004241947582063
33060.0,1.92186817690236,2.025636133299514,0.10376795639715408
33120.0,1.9261388560370527,2.033190060338947,0.1070512043018943
33180.0,1.93037914641026,2.0406528076645825,0.11027366125432247
33240.0,1.934589266739952,2.048024341246359,0.113435074506407
33300.0,1.9387694337709285,2.0553046492527383,0.11653521548180978
33360.0,1.9429198623036703,2.062493741775037,0.11957387947136655
33420.0,1.9470407652217363,2.0695916505444463,0.12255088532270997
33480.0,1.9511323535179304,2.07659842864229,0.12546607512435948
33540.0,1.955194836319132,2.0835141502035035,0.12831931388437146
33600.0,1.9592284209100408,2.0903389101139775,0.13111048920393675
33660.0,1.963233312755705,2.0970728237017013,0.13383951094599644
33720.0,1.9672097155230397,2.103716026422458,0.13650631089941823
33780.0,1.9711578311013864,2.1102686735400127,0.13911084243862626
33840.0,1.9750778596219805,2.116730939801177,0.14165308017919642
33900.0,1.9789699994767045,2.1231030191063565,0.14413301962965197
33960.0,1.9828344473358608,2.129385124175355,0.1465506768394942
34020.0,1.986671398165181,2.13557748620919,0.14890608804400896
34080.0,1.990481045242112,2.14168035454803,0.15119930930591807
34140.0,1.9942635801713395,2.1476939963255286,0.15343041615418906
34200.0,1.9980191928996929,2.1536186961199366,0.15559950322024374
34260.0,2.001748071730356,2.1594547556021575,0.15770668387180153
34320.0,2.005450403336568,2.1652024931812464,0.15975208984467848
34380.0,2.009126372774662,2.170862243647337,0.16173587087267505
34440.0,2.0127761634966803,2.1764343578125676,0.16365819431588724
34500.0,2.016399957362438,2.181919202150109,0.16551924478767077
34560.0,2.019997934651128,2.187317158431564,0.16731922378043596
34620.0,2.023570274072538,2.192628623363188,0.16905834929065033
34680.0,2.027117152777817,2.1978540082208986,0.17073685544308148
34740.0,2.0306387463698945,2.202993738484587,0.17235499211469252
34800.0,2.034135228913529,2.2080482534719286,0.17391302455839952
34860.0,2.037606772945077,2.2130180059718527,0.17541123302677564
34920.0,2.041053549481892,2.2179034618779774,0.17684991239608516
34980.0,2.044475728031525,2.222705099822288,0.17822937179076304
35040.0,2.047873476600572,2.227423410809157,0.1795499342085849
35100.0,2.0512469617033875,2.2320588978502283,0.18081193614684077
35160.0,2.054596348370489,2.236612075599978,0.1820157272294889
35220.0,2.057921800156839,2.2410834699925446,0.1831616698357057
35280.0,2.0612234791498723,2.245473617879741,0.18425013872986895
35340.0,2.064501545977393,2.2497830666707612,0.18528152069336823
35400.0,2.0677561598153646,2.2540123739735907,0.18625621415822602
35460.0,2.0709874783954585,2.258162107238141,0.18717462884268254
35520.0,2.074195658012568,2.2622328434018293,0.18803718538926129
35580.0,2.077380853532195,2.266225168537279,0.18884431500508425
35640.0,2.080543218397725,2.2701396775024927,0.18959645910476786
35700.0,2.083682904637614,2.2739769735937347,0.19029406895612055
35760.0,2.086800062872522,2.2777376682012616,0.1909376053287395
35820.0,2.0898948423223818,2.2814223804680185,0.19152753814563672
35880.0,2.092967390813388,2.285031736951406,0.19206434613801804
35940.0,2.096017854784996,2.2885663712884656,0.1925485165034697
36000.0,2.099046379296813,2.2920269238643143,0.19298054456750124
36060.0,2.102053108035539,2.2954140414843587,0.19336093344881977
36120.0,2.105038183321825,2.2987283770499793,0.19369019372815455
36180.0,2.108001746117161,2.3019705892382074,0.19396884312104623
36240.0,2.1109439360307465,2.3051413421852383,0.19419740615449177
36300.0,2.1138648913263376,2.3082413051739934,0.1943764138476558
36360.0,2.1167647489291745,2.311271152325921,0.1945064033967463
36420.0,2.119643644432803,2.3142315622968117,0.19458791786400864
36480.0,2.1225017121060232,2.317123217977266,0.19462150587124283
36540.0,2.125339084899814,2.3199468061973865,0.1946077212975723
36600.0,2.1281558944542622,2.322703017435942,0.19454712298167998
36660.0,2.1309522711055653,2.3253925455343176,0.19444027442875234
36720.0,2.1337283438930377,2.3280160874149067,0.19428774352186906
36780.0,2.1364842405661486,2.3305743428043018,0.19409010223815315
36840.0,2.139220087591633,2.3330680139613333,0.19384792636970039
36900.0,2.141936010160589,2.33549780540976,0.19356179524917083
36960.0,2.1446321321956754,2.3378644236760273,0.19323229148035193
37020.0,2.1473085763583075,2.3401685770318403,0.19286000067353282
37080.0,2.14996546405594,2.342410975241697,0.19244551118575703
37140.0,2.152602915449339,2.3445923293153625,0.19198941386602364
37200.0,2.155221049459979,2.346713351265554,0.19149230180557497
37260.0,2.1578199837774448,2.348774753870427,0.19095477009298234
37320.0,2.160399834866843,2.3507772504412032,0.19037741557436005
37380.0,2.162960717976373,2.352721554594996,0.18976083661862297
37440.0,2.165502747144849,2.354608380032539,0.1891056328876899
37500.0,2.168026035209325,2.3564384403210403,0.1884124051117153
37560.0,2.1705306938127222,2.358212448682194,0.1876817548694718
37620.0,2.173016833411614,2.359931117785298,0.18691428437368396
37680.0,2.175484563283904,2.3615951595451974,0.18611059626129345
37740.0,2.1779339915366847,2.363205284925635,0.1852712933889502
37800.0,2.180365225114105,2.3647622037474614,0.18439697863335658
37860.0,2.182778369805244,2.366266624501812,0.18348825469656793
37920.0,2.185173530252107,2.3677192541685503,0.18254572391644341
37980.0,2.1875508099576058,2.3691207980393485,0.18156998808174274
38040.0,2.1899103112936005,2.3704719595460046,0.18056164825240417
38100.0,2.192252135509027,2.3717734400935933,0.17952130458456628
38160.0,2.1945763827379983,2.3730259388984454,0.1784495561604471
38220.0,2.196883152007994,2.3742301528310383,0.17734700082304444
38280.0,2.199172541248086,2.375386776263744,0.17621423501565836
38340.0,2.201444647297195,2.3764965009232237,0.17505185362602882
38400.0,2.2036995659123524,2.377560015747616,0.1738604498352636
38460.0,2.2059373917770926,2.378578006748514,0.17264061497142125
38520.0,2.208158218509743,2.379551156877295,0.1713929383675521
38580.0,2.210362138671872,2.380480145896336,0.17011800722446369
38640.0,2.212549243776696,2.381365650254526,0.16881640647783014
38700.0,2.2147196242975298,2.382208342967405,0.16748871866987525
38760.0,2.216873369676277,2.3830088935015437,0.16613552382526686
38820.0,2.219010568331914,2.383767967663457,0.1647573993315432
38880.0,2.221131307669064,2.3844862274927503,0.1633549198236861
38940.0,2.223235674086494,2.385164331159352,0.16192865707285797
39000.0,2.225323752985713,2.385802932865186,0.16047917987947313
39060.0,2.22739562877957,2.3864026827497216,0.15900705397015136
39120.0,2.229451384900821,2.3869642267996736,0.1575128418988525
39180.0,2.2314911038107885,2.3874882067626637,0.1559971029518752
39240.0,2.2335148670079485,2.38797526006473,0.1544603930567816
39300.0,2.2355227550366097,2.388426019731825,0.1529032646952153
39360.0,2.2375148474955244,2.388841114314864,0.15132626681933958
39420.0,2.2394912230465707,2.3892211678186746,0.14972994477210388
39480.0,2.2414519594233764,2.389566799634493,0.14811484021111676
39540.0,2.243397133440036,2.3898786244760752,0.14648149103603902
39600.0,2.245326820999699,2.3901572523191543,0.1448304313194555
39660.0,2.2472410971033043,2.390403288344568,0.1431621912412635
39720.0,2.2491400358581606,2.3906173328844607,0.14147729702630008
39780.0,2.2510237104866904,2.3907999813720875,0.13977627088539712
39840.0,2.252892193334976,2.390951824294432,0.13805963095945595
39900.0,2.254745555881503,2.391073447148393,0.13632789126689016
39960.0,2.2565838687456883,2.3911654303996595,0.13458156165397117
40020.0,2.25840720169659,2.3912283494449014,0.13282114774831122
40080.0,2.2602156236614457,2.391262774576612,0.13104715091516628
40140.0,2.2620092027342986,2.391269270951027,0.1292600682167282
40200.0,2.2637880061845754,2.391248398558692,0.12746039237411644
40260.0,2.265552100465598,2.3912007121977843,0.12564861173218622
40320.0,2.267301551223201,2.3911267614502196,0.12382521022701853
40380.0,2.269036423304185,2.3910270906600313,0.1219906673558464
40440.0,2.270756780764826,2.3909022389145607,0.12014545814973454
40500.0,2.272462686879384,2.3907527400279687,0.11829005314858465
40560.0,2.274154204148501,2.3905791225270745,0.1164249183785735
40620.0,2.2758313943076565,2.390381909639621,0.11455051533196459
40680.0,2.277494318335568,2.390161619284713,0.11266730094914479
40740.0,2.279143036462527,2.389918764065371,0.11077572760284404
40800.0,2.280777608178754,2.389653851263358,0.10887624308460397
40860.0,2.282398092242724,2.3893673828359643,0.10696929059324045
40920.0,2.2840045466893955,2.3890598554147093,0.10505530872531388
40980.0,2.285597028838495,2.3887317603061446,0.10313473146764984
41040.0,2.287175595302702,2.388383583494343,0.10120798819164101
41100.0,2.2887403019958152,2.3880158056452765,0.09927550364946125
41160.0,2.290291204140893,2.387628902112983,0.09733769797208991
41220.0,2.29182835627838,2.387223342947335,0.09539498666895518
41280.0,2.293351812274101,2.386799592903388,0.09344778062928727
41340.0,2.294861625327333,2.3863581114524752,0.09149648612514216
41400.0,2.296357847978773,2.3858993527946932,0.08954150481592027
41460.0,2.2978405321184696,2.385423765872814,0.08758323375434429
41520.0,2.299309728993708,2.3849317943876676,0.08562206539395945
41580.0,2.3007654892168823,2.384423876814923,0.08365838759804056
41640.0,2.302207862773316,2.383900446423034,0.08169258364971776
41700.0,2.303636899028977,2.3833619312924674,0.07972503226349037
41760.0,2.305052646738249,2.3828087543362693,0.07775610759802021
41820.0,2.3064551540515885,2.382241333321607,0.0757861792700183
41880.0,2.3078444685231365,2.381660080892447,0.07381561236931056
41940.0,2.309220637118326,2.3810654045933766,0.07184476747505064
42000.0,2.310583706221405,2.380457706894323,0.06987400067291771
42060.0,2.3119337216429066,2.379837385216258,0.06790366357335165
42120.0,2.3132707286271192,2.379204831957871,0.06593410333075189
42180.0,2.3145947718594293,2.3785604345230187,0.06396566266358938
42240.0,2.315905895473697,2.3779045753491324,0.0619986798754355
42300.0,2.317204143059531,2.3772376319362993,0.06003348887676818
42360.0,2.3184895576695124,2.3765599768770946,0.05807041920758227
42420.0,2.3197621818263947,2.3758719778872157,0.056109796060821004
42480.0,2.3210220575302363,2.3751739978366935,0.0541519403064572
42540.0,2.322269226265462,2.3744663947817624,0.05219716851630052
42600.0,2.323503729007928,2.3737495219973677,0.050245792989439764
42660.0,2.32472560623186,2.3730237280101187,0.04829812177825854
42720.0,2.3259348979168197,2.372289356631911,0.04635445871509125
42780.0,2.327131643554503,2.3715467469938654,0.04441510343936228
42840.0,2.3283158821556498,2.370796233580958,0.04248035142530826
42900.0,2.32948765225674,2.370038146266829,0.04055049401008892
42960.0,2.330646991926701,2.369272810349083,0.038625818422382
43020.0,2.33179393877362,2.3685005465850733,0.036706607811453296
43080.0,2.332928529951265,2.367721671227745,0.03479314127647992
43140.0,2.334050802165688,2.366936496062074,0.03288569389638596
43200.0,2.335160791681683,2.3661453284415606,0.030984536759877557
43260.0,2.3362585343292257,2.3653484713251074,0.029089936995881693
43320.0,2.3373440655098823,2.364546223314082,0.027202157804199878
43380.0,2.338417420203056,2.3637388786894387,0.025321458486382564
43440.0,2.339478632972347,2.3629267274493233,0.023448094476976156
43500.0,2.340527737971688,2.3621100553464824,0.021582317374794435
43560.0,2.341564768951541,2.361289143926048,0.019724374974507075
43620.0,2.3425897592649934,2.3604642705632957,0.01787451129830231
43680.0,2.3436027418737724,2.3596357085014836,0.016032966627711254
43740.0,2.344603749354259,2.358803726889838,0.014199977535579222
43800.0,2.345592813903425,2.3579685908214985,0.012375776918073456
43860.0,2.346569967344643,2.357130561371448,0.010560594026804981
43920.0,2.347535241133619,2.3562898956346827,0.008754654501063719
43980.0,2.348488666364023,2.3554468467639156,0.0069581803998923775
44040.0,2.3494302737732955,2.35460166400777,0.005171390234474327
44100.0,2.3503600937482374,2.353754592748455,0.00339449900021771
44160.0,2.351278156330623,2.3529058745396956,0.0016277182090727038
44220.0,2.352184491222713,2.3520557471444383,-0.00012874407827467849
44280.0,2.353079127792787,2.351204444572497,-0.001874683220290052
44340.0,2.353962095080479,2.3503521971179557,-0.003609897962523423
44400.0,2.35483342180223,2.3494992313967185,-0.005334190405511752
44460.0,2.355693136356522,2.3486457703835897,-0.007047365972932429
44520.0,2.3565412668291885,2.3477920334494864,-0.008749233379702126
44580.0,2.357377840998562,2.346938236398271,-0.01043960460029103
44640.0,2.358202886340647,2.346084591503527,-0.012118294837120125
44700.0,2.3590164300341847,2.345231307545117,-0.013785122489067714
44760.0,2.359818498965684,2.3443785898454728,-0.015439909120211315
44820.0,2.360609119734381,2.3435266403057717,-0.017082479428609076
44880.0,2.3613883186571654,2.342675657441834,-0.018712661215331217
44940.0,2.362156121773443,2.341825836419812,-0.020330285353630906
45000.0,2.3629125548498915,2.3409773690915543,-0.021935185758337195
45060.0,2.363657643385274,2.3401304440299393,-0.023527199355334538
45120.0,2.3643914126150647,2.3392852465636222,-0.025106166051442447
45180.0,2.3651138875161246,2.338441958811849,-0.026671928704275594
45240.0,2.365825092811247,2.3376007597187365,-0.02822433309251071
45300.0,2.366525052973698,2.3367618250874385,-0.029763227886259624
45360.0,2.367213792231682,2.3359253276139396,-0.031288464617742484
45420.0,2.3678913345727195,2.3350914369205658,-0.03279989765215374
45480.0,2.3685577037480443,2.3342603195892444,-0.034297384158799904
45540.0,2.369212923276866,2.333432139194417,-0.03578078408244911
45600.0,2.36985701645064,2.3326070563356405,-0.03724996011499959
45660.0,2.3704900063372403,2.331785228669873,-0.03870477766736746
45720.0,2.371111915785072,2.3309668109434205,-0.04014510484165168
45780.0,2.371722767427193,2.330151955023661,-0.04157081240353211
45840.0,2.372322583685301,2.3293408099303097,-0.04298177375499135
45900.0,2.3729113867736986,2.3285335218663543,-0.0443778649073443
45960.0,2.373489198703235,2.327730234248824,-0.045758964454410744
46020.0,2.3740560412851197,2.3269310877389673,-0.047124953546152426
46080.0,2.374611936134768,2.3261362202723403,-0.048475715862427826
46140.0,2.3751569046755194,2.3253457670883093,-0.04981113758721012
46200.0,2.375690968142336,2.3245598607594036,-0.051131107382932584
46260.0,2.3762141475854577,2.323778631220202,-0.052435516365255896
46320.0,2.376726463873942,2.3230022057958637,-0.053724258078078346
46380.0,2.3772279376992755,2.3222307092304493,-0.054997228468826265
46440.0,2.377718589578739,2.3214642637145957,-0.05625432586414325
46500.0,2.378198439858943,2.320702988913216,-0.057495450945726834
46560.0,2.378667508719107,2.3199470019924546,-0.0587205067266523
46620.0,2.379125816174417,2.319196417646561,-0.05992939852785595
46680.0,2.379573382079292,2.3184513481243108,-0.06112203395498117
46740.0,2.380010226130556,2.3177119032549687,-0.06229832287558734
46800.0,2.3804363678706326,2.31697819047406,-0.06345817739657278
46860.0,2.380851826690596,2.3162503148485967,-0.06460151184199914
46920.0,2.381256621833268,2.315528379102175,-0.06572824273109301
46980.0,2.381650772396189,2.314812483639458,-0.0668382887567307
47040.0,2.3820342973345645,2.3141027265704004,-0.06793157076416412
47100.0,2.382407215464102,2.313399203734087,-0.06900801173001492
47160.0,2.382769545463965,2.312702008722431,-0.07006753674153376
47220.0,2.3831213058794103,2.3120112329029854,-0.07111007297642491
47280.0,2.383462515124637,2.311326965441986,-0.07213554968265079
47340.0,2.383793191485382,2.3106492933265645,-0.0731438981588175
47400.0,2.384113353121595,2.309978301386934,-0.07413505173466062
47460.0,2.3844230180699744,2.309314072317952,-0.0751089457520222
47520.0,2.384722204246516,2.308656686700521,-0.07606551754599522
47580.0,2.3850109294489727,2.308006223022506,-0.07700470642646673
47640.0,2.385289211359241,2.3073627576992912,-0.07792645365994977
47700.0,2.385557067545782,2.3067263650941183,-0.07883070245166346
47760.0,2.385814515465863,2.3060971175378118,-0.07971739792805144
47820.0,2.386061572467888,2.3054750853485033,-0.08058648711938465
47880.0,2.386298255793541,2.304860336850579,-0.08143791894296193
47940.0,2.386524582579995,2.304252938393683,-0.08227164418631183
48000.0,2.386740569861995,2.303652954371063,-0.08308761549093191
48060.0,2.386946234573896,2.3030604472376837,-0.08388578733621221
48120.0,2.3871415935516955,2.3024754775280427,-0.08466611602365282
48180.0,2.387326663534973,2.3018981038735373,-0.0854285596614357
48240.0,2.38750146116877,2.301328383019534,-0.08617307814923603
48300.0,2.3876660030055072,2.300766369842156,-0.08689963316335136
48360.0,2.387820305506652,2.300212117364434,-0.08760818814221816
48420.0,2.3879643850446546,2.299665676772731,-0.08829870827192376
48480.0,2.388098257904433,2.2991270974319633,-0.08897116047246989
48540.0,2.388221940285218,2.2985964269014145,-0.08962551338380331
48600.0,2.388335448301985,2.2980737109493705,-0.09026173735261445
48660.0,2.3884387979871406,2.297558993568122,-0.09087980441901866
48720.0,2.38853200529189,2.2970523169880224,-0.09147968830386777
48780.0,2.388615086087782,2.2965537216917644,-0.09206136439601753
48840.0,2.388688056168064,2.2960632464279342,-0.09262480974012988
48900.0,2.388750931249009,2.2955809282243615,-0.0931700030246474
48960.0,2.38880372697125,2.295106802401268,-0.09369692456998191
49020.0,2.3888464589010026,2.294640902583898,-0.09420555631710448
49080.0,2.3888791425312736,2.2941832607149393,-0.09469588181633437
49140.0,2.388901793282981,2.2937339070665828,-0.09516788621639805
49200.0,2.3889144265061044,2.293292870252355,-0.09562155625374924
49260.0,2.38891705748065,2.292860177238422,-0.09605688024222836
49320.0,2.3889097014177616,2.292435853354919,-0.09647384806284265
49380.0,2.3888923734605405,2.2920199223065625,-0.09687245115397802
49440.0,2.38886508868506,2.291612406183364,-0.09725268250169616
49500.0,2.388827862101157,2.291213325470676,-0.09761453663048103
49560.0,2.388780708653217,2.290822699059142,-0.09795800959407508
49620.0,2.388723643221001,2.2904405442543636,-0.09828309896663745
49680.0,2.38865668062026,2.2900668767860797,-0.09858980383418015
49740.0,2.388579835603464,2.2897017108172713,-0.09887812478619296
49800.0,2.388493122860363,2.289345058952805,-0.09914806390755837
49860.0,2.388396557018578,2.288996932247848,-0.09939962477073028
49920.0,2.388290152644068,2.2886573402159756,-0.09963281242809252
49980.0,2.388173924241653,2.288326290837062,-0.09984763340459102
50040.0,2.388047886255362,2.2880037905647006,-0.1000440956906612
50100.0,2.3879120530688525,2.2876898443335594,-0.10022220873529308
50160.0,2.387766439005701,2.287384455566253,-0.10038198343944815
50220.0,2.387611058329637,2.2870876261800537,-0.10052343214958315
50280.0,2.3874459252448688,2.286799356593415,-0.10064656865145372
50340.0,2.387271053896134,2.2865196457318464,-0.10075140816428751
50400.0,2.387086458368899,2.2862484910339704,-0.10083796733492845
50460.0,2.386892152689432,2.2859858884570228,-0.100906264232409
50520.0,2.3866881508247992,2.285731832482096,-0.10095631834270336
50580.0,2.386474466682868,2.2854863161192323,-0.10098815056363586
50640.0,2.3862511141122567,2.2852493309121678,-0.1010017832000889
50700.0,2.3860181069021733,2.285020866942773,-0.10099723995940035
50760.0,2.385775458782334,2.2848009128353985,-0.10097454594693556
50820.0,2.385523183422659,2.284589455760626,-0.10093372766203279
50880.0,2.3852612944330867,2.2843864814391854,-0.10087481299390122
50940.0,2.38498980536328,2.284191974145307,-0.10079783121797314
51000.0,2.3847087297021883,2.284005916709781,-0.10070281299240724
51060.0,2.384418080877765,2.283828290523127,-0.100589790354638
51120.0,2.3841178722564447,2.2836590755380515,-0.1004587967183932
51180.0,2.3838081171426797,2.2834982502719585,-0.10030986687072119
51240.0,2.3834888287784035,2.2833457918091122,-0.10014303696929128
51300.0,2.3831600203424377,2.2832016758025286,-0.09995834453990904
51360.0,2.382821704949885,2.2830658764756944,-0.09975582847419062
51420.0,2.382473895651396,2.282938366623877,-0.09953552902751861
51480.0,2.382116605432515,2.2828191176154955,-0.09929748781701964
51540.0,2.3817498472128578,2.2827080993928717,-0.09904174781998609
51600.0,2.3813736338453007,2.2826052804730037,-0.09876835337229695
51660.0,2.3809879781151446,2.28251062794807,-0.09847735016707482
51720.0,2.3805928927391413,2.2824241074855554,-0.09816878525358597
51780.0,2.380188390364633,2.282345683328362,-0.09784270703627085
51840.0,2.3797744835684256,2.2822753182943836,-0.09749916527404201
51900.0,2.379351184855848,2.282212973776229,-0.09713821107961929
51960.0,2.3789185066595606,2.282158609740334,-0.09675989691922648
52020.0,2.3784764613385065,2.2821121847262016,-0.09636427661230496
52080.0,2.378025061176623,2.2820736558450205,-0.0959514053316024
52140.0,2.377564318381656,2.2820429787784406,-0.09552133960321552
52200.0,2.3770942450838883,2.282020107776933,-0.09507413730695546
52260.0,2.376614853334753,2.2820049956578643,-0.09460985767688879
52320.0,2.376126155105525,2.2819975938035624,-0.09412856130196268
52380.0,2.375628162285828,2.281997852158873,-0.09363031012695533
52440.0,2.3751208866822027,2.2820057192288212,-0.09311516745338144
52500.0,2.374604340016599,2.2820211420758247,-0.0925831979407743
52560.0,2.3740785339247514,2.282044066316707,-0.09203446760804423
52620.0,2.3735434799546518,2.2820744361197276,-0.09146904383492416
52680.0,2.372999189564827,2.282112194201015,-0.09088699536381206
52740.0,2.3724456741226434,2.2821572818211235,-0.09028839230151986
52800.0,2.371882944902592,2.282209638781285,-0.08967330612130686
52860.0,2.371311013084441,2.282269203419294,-0.08904180966514685
52920.0,2.370729889751416,2.282335912605458,-0.08839397714595787
52980.0,2.370139585888321,2.282409701738146,-0.0877298841501748
53040.0,2.369540112379546,2.2824905047391235,-0.08704960764042236
53100.0,2.368931480007155,2.2825782540489175,-0.08635322595823736
53160.0,2.368313699448768,2.2826728806216394,-0.08564081882712848
53220.0,2.36768678127557,2.282774313919933,-0.08491246735563696
53280.0,2.3670507359500834,2.282882481909441,-0.08416825404064232
53340.0,2.366405573824089,2.2829973110533714,-0.08340826277071756
53400.0,2.3657513051363197,2.2831187263065527,-0.08263257882976704
53460.0,2.3650879400102416,2.28324665110959,-0.08184128890065168
53520.0,2.364415488451725,2.283381007382607,-0.08103448106911815
53580.0,2.363733960346635,2.28352171551888,-0.08021224482775491
53640.0,2.363043365458496,2.283668694378396,-0.07937467108009999
53700.0,2.362343713425933,2.2838218612809342,-0.07852185214499885
53760.0,2.361635013760234,2.2839811319993446,-0.07765388176088939
53820.0,2.360917275842754,2.2841464207523154,-0.07677085509043868
53880.0,2.3601905089223383,2.2843176401971177,-0.07587286872522059
53940.0,2.359454722112573,2.2844947014220405,-0.07496002069053231
54000.0,2.3587099243892227,2.2846775139390076,-0.07403241045021502
54060.0,2.357956124587338,2.28486598567539,-0.07309013891194782
54120.0,2.357193331398525,2.285060022966287,-0.07213330843223797
54180.0,2.35642155336808,2.2852595305461745,-0.07116202282190542
54240.0,2.3556407988920425,2.285464411540607,-0.07017638735143539
54300.0,2.3548510762143,2.2856745674577303,-0.06917650875656944
54360.0,2.3540523934235438,2.285889898179509,-0.06816249524403473
54420.0,2.3532447584502,2.286110301952866,-0.06713445649733396
54480.0,2.352428179063385,2.286335675380733,-0.06609250368265229
54540.0,2.351602662867656,2.2865659134126664,-0.06503674945498972
54600.0,2.3507682172998914,2.2868009093357022,-0.06396730796418915
54660.0,2.3499248496259453,2.287040554764627,-0.06288429486131841
54720.0,2.3490725669374246,2.2872847396324385,-0.06178782730498611
54780.0,2.3482113761482317,2.287533352180351,-0.0606780239678808
54840.0,2.3473412839912084,2.287786278947907,-0.05955500504330136
54900.0,2.346462297014658,2.2880434047627496,-0.05841889225190844
54960.0,2.3455744215787835,2.2883046127302533,-0.05726980884853017
55020.0,2.3446776638521496,2.288569784223167,-0.05610787962898245
55080.0,2.3437720298080413,2.288838798870887,-0.05493323093715441
55140.0,2.342857525220773,2.289111534548696,-0.05374599067207697
55200.0,2.34193415566193,2.2893878673668504,-0.05254628829507979
55260.0,2.341001926496619,2.289667671659537,-0.05133425483708187
55320.0,2.34006084287958,2.289950819973594,-0.050110022905986096
55380.0,2.3391109097512754,2.290237183057168,-0.0488737266941075
55440.0,2.338152131833974,2.2905266298482716,-0.04762550198570237
55500.0,2.33718451362765,2.2908190274630202,-0.046365486164629655
55560.0,2.33620805940601,2.2911142411840286,-0.04509381822198133
55620.0,2.335222773212253,2.2914121344483,-0.04381063876395297
55680.0,2.3342286588549555,2.2917125688353646,-0.04251609001959089
55740.0,2.3332257199037856,2.292015404054972,-0.04121031584881374
55800.0,2.3322139596851827,2.2923204979348277,-0.03989346175035502
55860.0,2.331193381278017,2.2926277064082003,-0.03856567486981666
55920.0,2.3301639875091444,2.292936883501313,-0.03722710400783136
55980.0,2.329125780948889,2.293247881320655,-0.035877899628233845
56040.0,2.3280787639065395,2.2935605500402345,-0.034518213866304936
56100.0,2.327022938425692,2.2938747378886086,-0.03314820053708356
56160.0,2.3259583062795883,2.294190291135859,-0.0317680151437294
56220.0,2.32488486896638,2.294507054080471,-0.03037781488590907
56280.0,2.323802627704295,2.294824869035995,-0.02897775866829999
56340.0,2.322711583426807,2.295143576317795,-0.02756800710901164
56400.0,2.3216117367776725,2.295463014229465,-0.026148722548207548
56460.0,2.320503088105943,2.2957830190493067,-0.024720069056636262
56520.0,2.31938563746086,2.2961034250165318,-0.023282212444328376
56580.0,2.318259384586792,2.2964240643177107,-0.021835320269081304
56640.0,2.317124328917941,2.2967447670726115,-0.02037956184532952
56700.0,2.315980469573144,2.297065361320443,-0.018915108252701263
56760.0,2.314827805350486,2.297385673005666,-0.01744213234481995
56820.0,2.31366633472189,2.2977055259638526,-0.015960808758037626
56880.0,2.312496055827645,2.2980247419074917,-0.014471313920153328
56940.0,2.311316966470842,2.2983431404116317,-0.012973826059210491
57000.0,2.3101290641117256,2.2986605388994406,-0.01146852521228503
57060.0,2.308932345862012,2.298976752627776,-0.009955593234236115
57120.0,2.3077268084790936,2.2992915946726042,-0.008435213806489372
57180.0,2.30651244836018,2.299604875914319,-0.006907572445861376
57240.0,2.3052892615363456,2.2999164050231,-0.005372856513245594
57300.0,2.304057243666567,2.3002259884441814,-0.00383125522238581
57360.0,2.3028163900315723,2.300533430382901,-0.002282959648671312
57420.0,2.3015666955276983,2.300838532789889,-0.0007281627378095124
57480.0,2.300308154660612,2.301141095346114,0.0008329406855018817
57540.0,2.299040761539022,2.3014409154479205,0.0024001539088986945
57600.0,2.297764509868174,2.3017377881918484,0.003973278323674556
57660.0,2.2964793929434264,2.3020315063597234,0.005552113416297022
57720.0,2.295185403643612,2.3023218604033815,0.007136456759769594
57780.0,2.293882534424349,2.302608638429506,0.00872610400515672
57840.0,2.2925707773113,2.302891626184501,0.010320848873200728
57900.0,2.2912501238933167,2.3031706070391964,0.011920483145879679
57960.0,2.2899205653154264,2.303445361973467,0.013524796658040739
58020.0,2.288582092271868,2.303715669561156,0.015133577289287992
58080.0,2.287234694998901,2.3039813059545873,0.016746610955686414
58140.0,2.285878363267583,2.3042420448692886,0.01836368160170565
58200.0,2.2845130863764465,2.304497657568631,0.019984571192184664
58260.0,2.2831388531440524,2.3047479128484962,0.021609059704443823
58320.0,2.281755651901482,2.3049925770219124,0.023236925120430296
58380.0,2.280363470484684,2.3052314139036594,0.024867943418975358
58440.0,2.27896229622672,2.3054641847949164,0.026501888568196463
58500.0,2.2775521159499967,2.305690648468016,0.028138532518019232
58560.0,2.276132915958212,2.3059105611508905,0.02977764519267856
58620.0,2.2747046820283745,2.306123676511993,0.03141899448361851
58680.0,2.2732673994026293,2.3063297456448755,0.03306234624224613
58740.0,2.2718210527799214,2.3065285170528633,0.03470746427294191
58800.0,2.2703656263076746,2.306719736633964,0.03635411032628921
58860.0,2.268901103573208,2.3069031476654853,0.038002044092277476
58920.0,2.2674274675951827,2.3070784907890536,0.03965102319387093
58980.0,2.265944700814769,2.307245503995278,0.04130080318050888
59040.0,2.264452785086845,2.307403922608909,0.04295113752206392
59100.0,2.262951701670964,2.3075534792736137,0.044601777602649495
59160.0,2.2614414312222224,2.3076939039371105,0.04625247271488808
59220.0,2.2599219537820283,2.307824923836298,0.04790297005426947
59280.0,2.258393248768723,2.307946263482398,0.049553014713675125
59340.0,2.256855294968017,2.308057644646137,0.05120234967812021
59400.0,2.2553080705234057,2.30815878634322,0.052850715819814376
59460.0,2.253751552926288,2.308249404819541,0.05449785189325285
59520.0,2.2521857190061363,2.3083292135369478,0.056143494530811466
59580.0,2.2506105449203115,2.308397923158563,0.05778737823825164
59640.0,2.2490260061439216,2.308455241534702,0.05942923539078038
59700.0,2.247432077459389,2.308500873688548,0.06106879622915917
59760.0,2.245828732945962,2.308534521802155,0.06270578885619305
59820.0,2.2442159459690214,2.308555885202459,0.06433993923343762
59880.0,2.242593689169211,2.3085646603473813,0.06597097117817041
59940.0,2.240961934451505,2.3085605408122447,0.06759860636073967
60000.0,2.239320652973932,2.3085432172760347,0.06922256430210272
60060.0,2.237669815136383,2.3085123775081966,0.07084256237181341
60120.0,2.236009390568958,2.308467706355075,0.07245831578611694
60180.0,2.234339348120413,2.3084088857270597,0.07406953760664692
60240.0,2.2326596558462133,2.3083355945853885,0.07567593873917522
60300.0,2.230970280996533,2.308247508929486,0.077277227932953
60360.0,2.2292711900040536,2.3081443017843286,0.07887311178027501
60420.0,2.227562348471479,2.3080256431878357,0.0804632947163566
60480.0,2.225843721159009,2.3078912001788208,0.08204747901981158
60540.0,2.2241152719714776,2.307740636784731,0.08362536481325344
60600.0,2.222376963945391,2.307573614009884,0.08519665006449273
60660.0,2.2206287592356704,2.3073897898236853,0.08676103058801488
60720.0,2.218870619102286,2.3071888191492484,0.08831820004696267
60780.0,2.217102503896572,2.3069703538520905,0.08986784995551833
60840.0,2.215324373047427,2.3067340427291274,0.09140966968170039
60900.0,2.2135361850471686,2.306479531497805,0.09294334645063618
60960.0,2.211737897437322,2.3062064627856635,0.09446856534834147
61020.0,2.209929466793972,2.3059144761198076,0.09598500932583542
61080.0,2.2081108487130874,2.305603207917043,0.09749235920395583
61140.0,2.206281997795433,2.3052722914738992,0.09899029367846612
61200.0,2.204442867631321,2.304921356957137,0.10047848932581616
61260.0,2.2025934107851106,2.3045500313944642,0.10195662060935362
61320.0,2.200733578779378,2.304157938665426,0.10342435988604803
61380.0,2.198863322078889,2.303744699492736,0.10488137741384707
61440.0,2.1969825900742697,2.303309931433826,0.10632734135955646
61500.0,2.1950913310654143,2.302853248872658,0.10776191780724353
61560.0,2.1931894922445685,2.3023742630118558,0.10918477076728728
61620.0,2.191277019679157,2.3018725818651755,0.11059556218601863
61680.0,2.189353858294343,2.301347810250281,0.11199395195593809
61740.0,2.1874199518551487,2.3007995497816833,0.11337959792653463
61800.0,2.1854752429484416,2.3002273988643718,0.11475215591593013
61860.0,2.183519672964492,2.2996309526873984,0.11611127972290625
61920.0,2.181553182078156,2.299009803217882,0.11745662113972566
61980.0,2.179575709229893,2.2983635391956407,0.11878782996574788
62040.0,2.177587192106234,2.29769174612772,0.12010455402148601
62100.0,2.1755875671200537,2.2969940062837044,0.12140643916365068
62160.0,2.1735767693904,2.2962698986910612,0.12269312930066123
62220.0,2.171554732721947,2.29551899913102,0.12396426640907299
62280.0,2.1695213895841534,2.2947408801349027,0.12521949055074932
62340.0,2.167476671089888,2.2939351109805113,0.12645843989062344
62400.0,2.1654205069737875,2.2931012576893024,0.12768075071551488
62460.0,2.163352825570146,2.292238883023671,0.12888605745352466
62520.0,2.161273553790348,2.291347546484683,0.13007399269433506
62580.0,2.1591826170999515,2.290426804310325,0.13124418721037356
62640.0,2.157079939495245,2.289476209473969,0.13239626997872378
62700.0,2.1549654434794085,2.2884953116834246,0.13352986820401602
62760.0,2.152839050038155,2.287483657380264,0.1346446073421088
62820.0,2.1507006786149625,2.2864407897396872,0.13574011112472473
62880.0,2.148550247085716,2.285366248670629,0.13681600158491314
62940.0,2.146387671732916,2.2842595708164866,0.13787189908357078
63000.0,2.144212867219348,2.28312028955619,0.13890742233684206
63060.0,2.142025746561212,2.2819479350056793,0.13992218844446747
63120.0,2.1398262211006807,2.2807420340197755,0.14091581291909483
63180.0,2.137614200477931,2.2795021101946302,0.1418879097166994
63240.0,2.1353895926025643,2.27822768387045,0.1428380912678855
63300.0,2.1331523036244304,2.2769182721347825,0.14376596851035206
63360.0,2.130902237903865,2.2755733888261944,0.14467115092232952
63420.0,2.12863929798124,2.274192544538313,0.14555324655707302
63480.0,2.126363384545924,2.272775246624476,0.14641186207855217
63540.0,2.124074396404495,2.2713209992026173,0.14724660279812252
63600.0,2.121772230448372,2.2698293031608174,0.1480570727124455
63660.0,2.119456781620608,2.2682996561630904,0.14884287454248257
63720.0,2.117127942882046,2.2667315526557075,0.14960360977366127
63780.0,2.114785605176679,2.2651244838739606,0.15033887869728169
63840.0,2.112429657396251,2.263477937849327,0.15104828045307617
63900.0,2.1100599863440075,2.2617913994170036,0.1517314130729961
63960.0,2.107676476697712,2.26006435022409,0.15238787352637795
64020.0,2.105279010971726,2.2582962687378836,0.1530172577661575
64080.0,2.102867469478241,2.256486630254769,0.15361916077652804
64140.0,2.100441730287609,2.254634906909523,0.15419317662191379
64200.0,2.09800166918775,2.252740567684977,0.15473889849722688
64260.0,2.095547159642553,2.2508030784220154,0.15525591877946265
64320.0,2.093078072749341,2.2488219018300803,0.15574382908073936
64380.0,2.0905942771952386,2.246796497497899,0.1562022203026605
64440.0,2.0880956392125523,2.244726321904764,0.15663068269221192
64500.0,2.0855820225329995,2.2426108284319626,0.15702880589896306
64560.0,2.083053288340823,2.24044946737467,0.15739617903384717
64620.0,2.080509295224754,2.2382416859541228,0.15773239072936862
64680.0,2.07794989912873,2.235986928330066,0.15803702920133622
64740.0,2.075374953301386,2.2336846356135687,0.1583096823121828
64800.0,2.0727843082442665,2.231334245880078,0.1585499376358115
64860.0,2.0701778116586573,2.228935194182607,0.15875738252394989
64920.0,2.0675553083910767,2.226486912565344,0.15893160417426744
64980.0,2.064916640377301,2.2239888300773094,0.15907218970000825
65040.0,2.062261646584948,2.221440372786315,0.15917872620136686
65100.0,2.059590162954488,2.218840963792936,0.15925080083844767
65160.0,2.056902022338664,2.216190023244665,0.15928800090600115
65220.0,2.054197054440317,2.2134869683502547,0.15928991390993774
65280.0,2.051475085748433,2.210731213393969,0.15925612764553598
65340.0,2.048735939472488,2.2079221697499394,0.15918623027745138
65400.0,2.045979435474925,2.205059245896465,0.15907981042153985
65460.0,2.043205390201709,2.202141847430214,0.15893645722850502
65520.0,2.040413616610957,2.199169377080433,0.15875576046947604
65580.0,2.0376039240994923,2.196141234722982,0.15853731062348952
65640.0,2.0347761184273003,2.1930568173940936,0.1582806989667933
65700.0,2.031930001639717,2.1899155193038395,0.15798551766412272
65760.0,2.029065371987398,2.186716731849502,0.1576513598621041
65820.0,2.026182023843899,2.1834598436283863,0.15727781978448752
65880.0,2.02327974762068,2.1801442404501383,0.15686449282945825
65940.0,2.0203583296797274,2.1767693053488832,0.15641097566915585
66000.0,2.017417552243303,2.1733344185943486,0.1559168663510455
66060.0,2.01445719330105,2.1698389577027144,0.1553817644016644
66120.0,2.0114770265141475,2.166282297446469,0.15480527093232155
66180.0,2.0084768211164605,2.1626638098635524,0.1541869887470919
66240.0,2.005456341812549,2.1589828642655338,0.1535265224529847
66300.0,2.002415348672414,2.15523882724482,0.15282347857240586
66360.0,1.9993535970228684,2.15143106268065,0.15207746565778169
66420.0,1.9962708373352844,2.147558931743875,0.1512880944085906
66480.0,1.9931668151097264,2.1436217929004546,0.15045497779072825
66540.0,1.9900412707551745,2.1396190019133603,0.14957773115818584
66600.0,1.9868939394657288,2.1355499118428183,0.1486559723770895
66660.0,1.9837245510926285,2.1314138730448726,0.14768932195224416
66720.0,1.980532830011843,2.1272102331679235,0.14667740315608047
66780.0,1.9773184949871336,2.1229383371472803,0.14561984216014667
66840.0,1.97408125902829,2.118597527197271,0.1445162681689811
66900.0,1.970820829244314,2.1141871428009664,0.14336631355665252
66960.0,1.9675369066915067,2.109706520697313,0.1421696140058062
67020.0,1.964229186215872,2.1051549948651234,0.1409258086492513
67080.0,1.9608973562899583,2.1005318965042887,0.13963454021433042
67140.0,1.9575410988436197,2.09583655401334,0.1382954551697202
67200.0,1.9541600890884283,2.091068292963447,0.1369082038750189
67260.0,1.9507539953356092,2.08622643606866,0.13547244073305098
67320.0,1.9473224788069503,2.081310303151732,0.13398782434478163
67380.0,1.9438651934385072,2.0763192111055244,0.13245401766701725
67440.0,1.9403817856766608,2.0712524738495035,0.13087068817284275
67500.0,1.9368718942662035,2.0661094022810054,0.12923750801480183
67560.0,1.9333351500299865,2.060889304220837,0.12755415419085048
67620.0,1.9297711756397584,2.0555914843528282,0.12582030871306982
67680.0,1.9261795853776769,2.0502152441568615,0.12403565877918465
67740.0,1.9225599848880703,2.0447598818349317,0.1221998969468614
67800.0,1.918911970918916,2.03922469222964,0.12031272131072424
67860.0,1.9152351310523856,2.0336089667345676,0.11837383568218196
67920.0,1.9115290434240988,2.027911993196089,0.11638294977199015
67980.0,1.9077932764301533,2.022133055805666,0.11433977937551276
68040.0,1.9040273884216004,2.016271434982324,0.11224404656072373
68100.0,1.9002309273853404,2.010326407244106,0.11009547985876567
68160.0,1.8964034306109148,2.0042972450681225,0.10789381445720769
68220.0,1.8925444243422624,1.9981832167380214,0.10563879239575891
68280.0,1.888653423413566,1.991983586178068,0.10333016276450202
68340.0,1.884729930868387,1.9856976127728443,0.10096768190445737
68400.0,1.8807734375608745,1.9793245511712774,0.09855111361040292
68460.0,1.8765318968112537,1.971847886657895,0.09531598984664136
68520.0,1.8723177437079053,1.9644102170784108,0.09209247337050552
68580.0,1.8681237630379084,1.956986943490995,0.08886318045308661
68640.0,1.863950005979452,1.949579882460811,0.085629876481359
68700.0,1.859796366052915,1.9421902253564096,0.08239385930349452
68760.0,1.855662741207552,1.9348191288112944,0.07915638760374244
68820.0,1.8515490303674504,1.9274677037163186,0.07591867334886815
68880.0,1.8474551334542368,1.9201370167709846,0.07268188331674774
68940.0,1.8433809513419348,1.9128280917495912,0.06944714040765643
69000.0,1.8393263858151576,1.905541910740653,0.06621552492549543
69060.0,1.8352913395291688,1.8982794153550213,0.06298807582585253
69120.0,1.83127571597176,1.8910415079036218,0.05976579193186171
69180.0,1.8272794194268924,1.8838290525451309,0.05654963311823846
69240.0,1.8233023549399097,1.8766428764043195,0.05334052146440982
69300.0,1.8193444282843985,1.8694837706616068,0.050139342377208296
69360.0,1.8154055459305056,1.8623524916143264,0.04694694568382074
69420.0,1.811485615014693,1.8552497617103934,0.04376414669570039
69480.0,1.8075845433108464,1.848176270554834,0.04059172724398752
69540.0,1.803702239202709,1.8411326758898319,0.03743043668712298
69600.0,1.7998386116574792,1.8341196045488435,0.034280992891364326
69660.0,1.7959935702007117,1.8271376533854038,0.031144083184692084
69720.0,1.7921670248922237,1.820187390176982,0.028020365284758375
69780.0,1.7883588863031252,1.813269354504802,0.02491046820167675
69840.0,1.7845690654939352,1.8063840586098483,0.02181499311591306
69900.0,1.7807974739935375,1.7995319882256964,0.018734514232158883
69960.0,1.777044023779227,1.7927136033888595,0.015669579609632445
70020.0,1.7733086272574936,1.785929339227076,0.012620711969582477
70080.0,1.7695911972458471,1.7791796067260301,0.009588409480183024
70140.0,1.76589164695524,1.7724647934749698,0.006573146519729844
70200.0,1.762209889973448,1.765785264392025,0.0035753744185771374
70260.0,1.7585458402490846,1.7591413624293988,0.000595522180314223
70320.0,1.7548994120764037,1.7525334092590894,-0.00236600281731425
70380.0,1.7512705200806833,1.745961705939582,-0.005308814141101292
70440.0,1.7476590792043742,1.73942653356414,-0.008232545640234346
70500.0,1.744065004693775,1.73292815389082,-0.01113685080295479
70560.0,1.7404882120863523,1.7264668099550755,-0.014021402131276783
70620.0,1.7369286171986136,1.7200427266651208,-0.016885890533492764
70680.0,1.7333861361145195,1.7136561113805915,-0.019730024733928042
70740.0,1.7298606851744245,1.707307154474951,-0.022553530699473523
70800.0,1.7263521809644973,1.7009960298820646,-0.02535615108243272
70860.0,1.722860540306661,1.6947228956273426,-0.028137644679318452
70920.0,1.719385680248935,1.6884878943437727,-0.030897785905162234
70980.0,1.7159275180562503,1.6822911537734515,-0.033636364282798814
71040.0,1.7124859712016716,1.676132787254779,-0.036353183946892464
71100.0,1.7090609573580258,1.67001289419581,-0.039048063162215874
71160.0,1.7056523943899016,1.6639315605341876,-0.04172083385571401
71220.0,1.7022602003460428,1.657888859183828,-0.04437134116221486
71280.0,1.6988842934520694,1.65188485046896,-0.04699944298310932
71340.0,1.6955245921035496,1.645919582545595,-0.04960500955795455
71400.0,1.6921810148594134,1.6399930918110643,-0.05218792304834907
71460.0,1.6888534804356363,1.6341054033016433,-0.05474807713399299
71520.0,1.6855419076992646,1.6282565310788168,-0.05728537662044775
71580.0,1.6822462156627167,1.622446478604433,-0.059799737058283675
71640.0,1.6789663234783383,1.6166752391049308,-0.06229108437340747
71700.0,1.6757021504332577,1.610942795925162,-0.06475935450809556
71760.0,1.672453615944468,1.6052491228719206,-0.0672044930725475
71820.0,1.6692206395541762,1.599594184547445,-0.06962645500673115
71880.0,1.6660031409253648,1.5939779366734017,-0.07202520425196313
71940.0,1.6628010398376054,1.5884003264052933,-0.07440071343231214
72000.0,1.659614256183056,1.582861292637817,-0.07675296354523908
72060.0,1.656442709962712,1.5773607663013023,-0.07908194366140964
72120.0,1.6532863212828175,1.5718986706494524,-0.08138765063336506
72180.0,1.6501450103514788,1.566474921538738,-0.08367008881274085
72240.0,1.6470186974755046,1.5610894276996223,-0.08592926977588222
72300.0,1.6439073030573543,1.5557420909997208,-0.0881652120576335
72360.0,1.6408107475923115,1.5504328066994013,-0.09037794089291018
72420.0,1.6377289516658065,1.5451614636998097,-0.09256748796599679
72480.0,1.634661835950923,1.5399279447835628,-0.0947338911673603
72540.0,1.631609321205994,1.5347321268483254,-0.0968771943576685
72600.0,1.6285713282724157,1.5295738811336201,-0.09899744713879555
72660.0,1.6255477780725682,1.5244530734408317,-0.10109470463173653
72720.0,1.622538591607885,1.5193695643467038,-0.10316902726118116
72780.0,1.6195436899570368,1.5143232094105785,-0.10522048054645827
72840.0,1.616562994274276,1.5093138593754236,-0.10724913489885246
72900.0,1.6135964257878803,1.5043413603628526,-0.10925506542502772
72960.0,1.610643905798682,1.4994055540624445,-0.11123835173623764
73020.0,1.607705355678819,1.4945062779153504,-0.1131990777634686
73080.0,1.6047806968704472,1.489643365292382,-0.11513733157806527
73140.0,1.601869850884686,1.4848166456668506,-0.11705320521783547
73200.0,1.598972739300594,1.4800259447821797,-0.11894679451841417
73260.0,1.5960892837642635,1.4752710848145012,-0.12081819894976231
73320.0,1.5932194059880167,1.4705518845303243,-0.12266752145769244
73380.0,1.590363027749669,1.4658681594394956,-0.12449486831017342
73440.0,1.5875200708919033,1.461219721943573,-0.1263003489483303
73500.0,1.5846904573217346,1.456606381479597,-0.12808407584213755
73560.0,1.5818741090100092,1.4520279446596072,-0.12984616435040208
73620.0,1.5790709479910363,1.4474842154058694,-0.13158673258516695
73680.0,1.57628089636226,1.442974995082058,-0.13330590128020203
73740.0,1.573503876284017,1.438500082620339,-0.1350037936636781
73800.0,1.5707398099793777,1.4340592746446221,-0.13668053533475555
73860.0,1.5679886197339938,1.4296523655900448,-0.138336254143949
73920.0,1.565250227896104,1.4252791478187432,-0.1399710800773608
73980.0,1.562524556876501,1.420939411732106,-0.14158514514439502
74040.0,1.55981152914864,1.4166329458795697,-0.1431785832690704
74100.0,1.55711106724876,1.41235953706396,-0.14475153018480014
74160.0,1.554423093776044,1.4081189704437111,-0.14630412333233278
74220.0,1.5517475313929014,1.4039110296317348,-0.1478365017611667
74280.0,1.5490843028251975,1.3997354967913544,-0.14934880603384304
74340.0,1.546433330862632,1.3955921527291577,-0.1508411781334742
74400.0,1.5437945383590814,1.391480776984935,-0.15231376137414632
74460.0,1.5411678482330478,1.3874011479188344,-0.15376670031421336
74520.0,1.5385531834680926,1.3833530427957172,-0.1552001406723753
74580.0,1.5359504671133608,1.3793362378668208,-0.15661422924654
74640.0,1.5333596222840813,1.3753505084489555,-0.15800911383512584
74700.0,1.530780572162201,1.3713956290009628,-0.1593849431612382
74760.0,1.5282132399969115,1.3674713731979238,-0.16074186679898772
74820.0,1.525657549105349,1.3635775140028925,-0.1620800351024565
74880.0,1.523113422873234,1.359713823736265,-0.163399599136969
74940.0,1.5205807847555657,1.3558800741430206,-0.1647007106125451
75000.0,1.518059558277338,1.352076036457691,-0.16598352181964704
75060.0,1.5155496670343156,1.3483014814672278,-0.16724818556708776
75120.0,1.5130510346937576,1.3445561795717753,-0.16849485512198226
75180.0,1.510563584995246,1.3408399008435072,-0.16972368415173866
75240.0,1.5080872417514648,1.3371524150835028,-0.170934826667962
75300.0,1.505621928849063,1.3334934918766415,-0.17212843697242164
75360.0,1.5031675702494764,1.3298629006447302,-0.17330466960474622
75420.0,1.5007240899897865,1.3262604106978788,-0.17446367929190765
75480.0,1.498291412183608,1.322685791284113,-0.17560562089949494
75540.0,1.495869461021994,1.3191388116371912,-0.17673064938480287
75600.0,1.4934581607742894,1.3156192410229237,-0.17783891975136568
75660.0,1.491057435789074,1.312126848783949,-0.17893058700512499
75720.0,1.4886672104951024,1.3086614043826876,-0.1800058061124148
75780.0,1.4862874094021683,1.305222677443124,-0.18106473195904438
75840.0,1.4839179571021035,1.3018104377908681,-0.18210751931123537
75900.0,1.4815587782696615,1.2984244554920172,-0.1831343227776443
75960.0,1.479209797663505,1.2950645008904407,-0.18414529677306435
76020.0,1.476870940127123,1.2917303446438608,-0.18514059548326212
76080.0,1.474542130589781,1.2884217577585548,-0.18612037283122618
76140.0,1.4722232940674824,1.2851385116228653,-0.18708478244461713
76200.0,1.469914355663884,1.281880378039457,-0.18803397762442708
76260.0,1.467615240571288,1.2786471292563046,-0.18896811131498326
76320.0,1.465325874071541,1.2754385379965918,-0.18988733607494912
76380.0,1.4630461815369744,1.2722543774876147,-0.1907918040493597
76440.0,1.4607760884313816,1.2690944214883242,-0.19168166694305744
76500.0,1.4585155203108984,1.2659584443159275,-0.19255707599497085
76560.0,1.456264402824936,1.2628462208715912,-0.19341818195334493
76620.0,1.454022661717104,1.2597575266649677,-0.19426513505213627
76680.0,1.4517902228261197,1.2566921378377884,-0.19509808498833126
76740.0,1.4495670120866757,1.2536498311865678,-0.1959171809001079
76800.0,1.447352955530358,1.2506303841843132,-0.19672257134604476
76860.0,1.4451479792864947,1.247633575001457,-0.19751440428503764
76920.0,1.4429520095830315,1.2446591825258164,-0.19829282705721507
76980.0,1.4407649727473724,1.2417069863817367,-0.19905798636563565
77040.0,1.4385867952072258,1.2387767669484955,-0.1998100282587303
77100.0,1.436417403491421,1.2358683053777286,-0.20054909811369237
77160.0,1.4342567242306918,1.2329813836104,-0.20127534062029184
77220.0,1.4321046841585117,1.2301157843926966,-0.20198889976581502
77280.0,1.4299612101118238,1.2272712912914245,-0.20268991882039922
77340.0,1.4278262290318289,1.2244476887085876,-0.20337854032324132
77400.0,1.4256996679646907,1.2216447618953783,-0.20405490606931243
77460.0,1.4235814540623084,1.2188622969653298,-0.20471915709697863
77520.0,1.4214715145829504,1.216100080907078,-0.2053714336758723
77580.0,1.4193697768919926,1.2133579015962854,-0.2060118752957072
77640.0,1.4172761684625428,1.2106355478070858,-0.20664062065545696
77700.0,1.4151906168760948,1.2079328092229633,-0.2072578076531315
77760.0,1.413113049823166,1.2052494764468398,-0.20786357337632633
77820.0,1.4110433951038477,1.2025853410108933,-0.20845805409295437
77880.0,1.4089815806284105,1.1999401953857953,-0.20904138524261517
77940.0,1.4069275344178758,1.1973138329891595,-0.20961370142871627
78000.0,1.404881184604485,1.1947060481938667,-0.21017513641061836
78060.0,1.4028424594322644,1.1921166363356297,-0.21072582309663468
78120.0,1.400811287257461,1.1895453937202385,-0.21126589353722247
78180.0,1.3987875965490326,1.186992117630231,-0.21179547891880168
78240.0,1.3967713158890416,1.1844566063312476,-0.21231470955779397
78300.0,1.394762373973099,1.181938659077795,-0.21282371489530405
78360.0,1.392760699610708,1.1794380761188081,-0.2133226234918999
78420.0,1.390766221725639,1.1769546587026558,-0.2138115630229831
78480.0,1.3887788693562595,1.174488209081732,-0.2142906602745276
78540.0,1.3867985716558142,1.172038530516755,-0.2147600411390591
78600.0,1.3848252578927087,1.169605427280776,-0.21521983061193262
78660.0,1.3828588574507688,1.1671887046626104,-0.21567015278815838
78720.0,1.3808992998294345,1.1647881689701287,-0.21611113085930578
78780.0,1.3789465146439708,1.1624036275330818,-0.21654288711088898
78840.0,1.3770004316256148,1.1600348887057588,-0.21696554291985604
78900.0,1.3750609806217218,1.1576817618692106,-0.2173792187525112
78960.0,1.373128091595876,1.1553440574330982,-0.2177840341627777
79020.0,1.371201694627937,1.1530215868376388,-0.21818010779029828
79080.0,1.369281719914153,1.1507141625546393,-0.2185675573595136
79140.0,1.367368097767096,1.1484215980889698,-0.21894649967812607
79200.0,1.365460758615725,1.1461437079792038,-0.21931705063652118
79260.0,1.3635596330053126,1.1438803077983979,-0.2196793252069147
79320.0,1.3616646515974005,1.1416312141542901,-0.22003343744311032
79380.0,1.359775745169674,1.1393962446896022,-0.2203795004800717
79440.0,1.3578928446158571,1.1371752180819232,-0.2207176265339339
79500.0,1.3560158809455678,1.1349679540433786,-0.22104792690218922
79560.0,1.354144785284106,1.132774273320151,-0.22137051196395507
79620.0,1.3522794888722596,1.1305939976918291,-0.22168549118043046
79680.0,1.350419923066062,1.1284269499704456,-0.2219929730956165
79740.0,1.3485660193365057,1.126272953999502,-0.22229306533700366
79800.0,1.3467177092692677,1.1241318346525462,-0.22258587461672152
79860.0,1.3448749245643392,1.122003417831929,-0.2228715067324103
79920.0,1.3430375970356925,1.1198875304671712,-0.22315006656852132
79980.0,1.3412056586108871,1.1177840005131938,-0.22342165809769332
80040.0,1.3393790413306546,1.1156926569483887,-0.22368638438226585
80100.0,1.3375576773484126,1.1136133297727584,-0.22394434757565418
80160.0,1.335741498929857,1.1115458500054691,-0.22419564892438792
80220.0,1.33393043845236,1.109490049682879,-0.22444038876948103
80280.0,1.332124428404533,1.1074457618558198,-0.22467866654871327
80340.0,1.3303234013855747,1.1054128205872689,-0.22491058079830584
80400.0,1.3285272901047336,1.1033910609495328,-0.22513622915520082
80460.0,1.3267360273806443,1.1013803190215925,-0.22535570835905183
80520.0,1.3249495461406982,1.0993804318862077,-0.22556911425449044
80580.0,1.323167779420355,1.097391237626896,-0.22577654179345896
80640.0,1.3213906603624108,1.095412575325011,-0.2259780850373998
80700.0,1.319618122216306,1.0934442850563257,-0.22617383715998018
80760.0,1.3178500983372816,1.0914862078881633,-0.2263638904491183
80820.0,1.3160865221856568,1.0895381858758544,-0.22654833630980242
80880.0,1.3143273273259546,1.0876000620593644,-0.22672726526659015
80940.0,1.3125724474260636,1.0856716804599358,-0.22690076696612782
81000.0,1.3108218162563507,1.083752886076535,-0.22706893017981566
81060.0,1.309075367688755,1.0818435248822236,-0.22723184280653141
81120.0,1.3073330356958326,1.079943443820633,-0.22738959187519958
81180.0,1.305594754349806,1.0780524908022313,-0.22754226354757479
81240.0,1.3038604578215716,1.076170514700507,-0.2276899431210646
81300.0,1.3021300803796454,1.0742973653483494,-0.22783271503129598
81360.0,1.3004035563891445,1.0724328935341292,-0.22797066285501533
81420.0,1.2986808203106954,1.0705769509978031,-0.22810386931289228
81480.0,1.2969618066993205,1.068729390427183,-0.22823241627213742
81540.0,1.2952464502033132,1.0668900654538227,-0.2283563847494905
81600.0,1.2935346855630638,1.0650588306492668,-0.22847585491379707
81660.0,1.2918264476099062,1.063235541520787,-0.22859090608911914
81720.0,1.2901216712648274,1.0614200545077546,-0.2287016167570728
81780.0,1.2884202915373084,1.0596122269773334,-0.22880806455997504
81840.0,1.2867222435239924,1.057811917220604,-0.22891032630338848
81900.0,1.2850274624074218,1.0560189844484407,-0.22900847795898116
81960.0,1.2833358834546875,1.0542332887874506,-0.22910259466723693
82020.0,1.281647442016082,1.0524546912760526,-0.22919275074002932
82080.0,1.279962073523732,1.0506830538603074,-0.22927901966342468
82140.0,1.278279713490197,1.048918239389655,-0.22936147410054208
82200.0,1.276600297506986,1.0471601116133349,-0.229440185893651
82260.0,1.2749237612431716,1.0454085351757663,-0.22951522606740538
82320.0,1.2732500404438267,1.0436633756129157,-0.22958666483091106
82380.0,1.2715790709285757,1.041924499347946,-0.22965457158062974
82440.0,1.2699107885899863,1.0401917736874755,-0.2297190149025108
82500.0,1.2682451293920742,1.0384650668171598,-0.22978006257491446
82560.0,1.2665820293686352,1.0367442477979647,-0.22983778157067047
82620.0,1.2649214246216658,1.0350291865620538,-0.229892238059612
82680.0,1.263263251319695,1.0333197539087682,-0.2299434974109269
82740.0,1.2616074456961075,1.0316158215007072,-0.2299916241954003
82800.0,1.2599539440474423,1.0299172618597738,-0.23003668218766848
82860.0,1.2583026827316584,1.028223948363063,-0.23007873436859527
82920.0,1.2566535981663411,1.0265357552393573,-0.2301178429269839
82980.0,1.2550066268269902,1.0248525575646776,-0.23015406926231252
83040.0,1.253361705245102,1.0231742312589271,-0.2301874739861749
83100.0,1.251718770006403,1.0215006530817585,-0.23021811692464444
83160.0,1.2500777577489353,1.019831700628823,-0.23024605712011237
83220.0,1.2484386051611571,1.0181672523281482,-0.23027135283300892
83280.0,1.246801248980043,1.0165071874360243,-0.23029406154401877
83340.0,1.245165625989048,1.0148513860337771,-0.2303142399552709
83400.0,1.2435316730162196,1.0131997290236487,-0.23033194399257084
83460.0,1.2418993269320846,1.0115520981253974,-0.23034722880668723
83520.0,1.240268524647652,1.0099083758725795,-0.23036014877507238
83580.0,1.2386392031123166,1.0082684456089681,-0.23037075750334846
83640.0,1.2370112993117424,1.0066321914851504,-0.230379107826592
83700.0,1.2353847502657431,1.0049994984547108,-0.2303852518110323
83760.0,1.233759493026076,1.003370252271114,-0.23038924075496192
83820.0,1.232135464674263,1.0017443394840495,-0.23039112519021354
83880.0,1.230512602319341,1.0001216474361856,-0.2303909548831553
83940.0,1.2288908430956107,0.9985020642595666,-0.23038877883604414
84000.0,1.227270124160303,0.9968854788725702,-0.23038464528773284
84060.0,1.2256503826912626,0.9952717809765667,-0.23037860171469593
84120.0,1.2240315558845842,0.9936608610526291,-0.23037069483195516
84180.0,1.2224135809522017,0.9920526103583697,-0.23036097059383198
84240.0,1.2207963951194398,0.9904469209247634,-0.23034947419467644
84300.0,1.219179935622552,0.988843685553142,-0.23033625006940994
84360.0,1.2175641397062087,0.9872427978120625,-0.23032134189414621
84420.0,1.2159489446209404,0.9856441520343082,-0.23030479258663217
84480.0,1.214334287620575,0.9840476433138483,-0.23028664430672663
84540.0,1.2127201059595771,0.9824531675030946,-0.2302669384564825
84600.0,1.211106336890435,0.9808606212097626,-0.2302457156806723
84660.0,1.2094929176609113,0.9792699017943082,-0.2302230158666031
84720.0,1.2078797855113423,0.9776809073668707,-0.2301988781444716
84780.0,1.2062668776718384,0.9760935367846026,-0.23017334088723573
84840.0,1.204654131359442,0.9745076896491955,-0.23014644171024656
84900.0,1.203041483775313,0.9729232663037851,-0.23011821747152783
84960.0,1.2014288721017623,0.9713401678306578,-0.2300887042711045
85020.0,1.1998162334993274,0.9697582960486172,-0.23005793745071024
85080.0,1.1982035051037732,0.9681775535103807,-0.23002595159339245
85140.0,1.1965906240230466,0.9665978435000984,-0.22999278052294825
85200.0,1.1949775273341698,0.9650190700309608,-0.22995845730320907
85260.0,1.1933641520801157,0.963441137842762,-0.22992301423735373
85320.0,1.1917504352666106,0.9618639523995456,-0.22988648286706503
85380.0,1.1901363138588965,0.9602874198873421,-0.2298488939715544
85440.0,1.1885217247784374,0.9587114472117855,-0.22981027756665195
85500.0,1.186906604899579,0.9571359419959667,-0.22977066290361237
85560.0,1.1852908910461426,0.9555608125782756,-0.22973007846786697
85620.0,1.183674519987986,0.9539859680101299,-0.22968855197785598
85680.0,1.1820574284374703,0.9524113180541152,-0.22964611038335514
85740.0,1.1804395530459342,0.9508367731815248,-0.22960277986440936
85800.0,1.178820830400015,0.9492622445707697,-0.22955858582924527
85860.0,1.177201197018004,0.9476876441051335,-0.22951355291287057
85920.0,1.1755805893460838,0.946112884370883,-0.22946770497520075
85980.0,1.1739589437545093,0.9445378786554081,-0.2294210650991012
86040.0,1.1723361965337449,0.9429625409453521,-0.22937365558839273
86100.0,1.1707122838905166,0.941386785924756,-0.22932549796576063
86160.0,1.1690871419438005,0.9398105289732428,-0.22927661297055768
86220.0,1.167460706720745,0.9382336861643366,-0.22922702055640842
86280.0,1.1658329141525043,0.936656174263738,-0.2291767398887663
86340.0,1.1642037000700394,0.9350779107276456,-0.2291257893423938
